name,status,length,kids,age,gender
Fickle,dating,eleven_to_twenty,adult_children,to_fifty,male
Detached,dating,eleven_to_twenty,kids_none,to_forty,male
Detached,dating,eleven_to_twenty,kids_none,to_forty,male
Detached,dating,eleven_to_twenty,kids_none,to_forty,male
Detached,dating,eleven_to_twenty,kids_none,to_forty,male
Tentative,dating,eleven_to_twenty,kids_none,to_thirty,male
Detached,dating,eleven_to_twenty,kids_none,to_thirty,male
Detached,dating,eleven_to_twenty,kids_none,to_thirty,male
Broken,dating,eleven_to_twenty,kids_to_fifth,to_fifty,male
Broken,dating,eleven_to_twenty,kids_to_fifth,to_fifty,male
Broken,dating,eleven_to_twenty,kids_to_fifth,to_fifty,male
Broken,dating,eleven_to_twenty,kids_to_fifth,to_fifty,male
Shallow,dating,eleven_to_twenty,kids_to_fifth,to_fifty,male
Shallow,dating,eleven_to_twenty,kids_to_fifth,to_fifty,male
Shallow,dating,eleven_to_twenty,kids_to_fifth,to_fifty,male
Strong,dating,eleven_to_twenty,kids_to_fifth,to_forty,male
Strong,dating,eleven_to_twenty,kids_to_fifth,to_forty,male
Strong,dating,eleven_to_twenty,kids_to_fifth,to_forty,male
Strong,dating,eleven_to_twenty,kids_to_fifth,to_forty,male
Strong,dating,eleven_to_twenty,kids_to_fifth,to_forty,female
Broken,dating,eleven_to_twenty,kids_to_fifth,to_thirty,female
Fickle,dating,eleven_to_twenty,kids_under_five,to_fifty,female
Thriving,dating,over_thirty,adult_children,to_fifty,female
Thriving,dating,over_thirty,adult_children,to_sixty,female
Thriving,dating,over_thirty,adult_children,to_sixty,female
Reliable,dating,over_thirty,kids_none,to_fifty,female
Tentative,dating,over_thirty,kids_none,to_fifty,female
Stuck,dating,over_thirty,kids_none,to_fifty,female
Strong,dating,over_thirty,kids_none,to_fifty,female
Strong,dating,over_thirty,kids_none,to_fifty,female
Broken,dating,over_thirty,kids_none,to_fifty,female
Broken,dating,over_thirty,kids_none,to_fifty,female
Shallow,dating,over_thirty,kids_none,to_sixty,female
Shallow,dating,over_thirty,kids_none,to_sixty,female
Stuck,dating,over_thirty,kids_to_twelfth,to_fifty,female
Stuck,dating,over_thirty,kids_to_twelfth,to_fifty,female
Stuck,dating,over_thirty,kids_to_twelfth,to_fifty,female
Frayed,dating,over_thirty,kids_to_twelfth,to_fifty,female
Frayed,dating,over_thirty,kids_to_twelfth,to_fifty,female
Thriving,dating,over_thirty,kids_to_twelfth,to_fifty,female
Thriving,dating,over_thirty,kids_to_twelfth,to_fifty,female
Thriving,dating,over_thirty,kids_to_twelfth,to_fifty,female
Thriving,dating,over_thirty,kids_to_twelfth,to_fifty,female
Stuck,dating,over_thirty,kids_to_twelfth,to_sixty,male
Steady,dating,over_thirty,kids_under_five,to_fifty,male
Steady,dating,over_thirty,kids_under_five,to_fifty,male
Frayed,dating,over_thirty,kids_under_five,to_fifty,male
Frayed,dating,over_thirty,kids_under_five,to_fifty,male
Frayed,dating,over_thirty,kids_under_five,to_fifty,male
Fickle,dating,over_thirty,kids_under_five,to_fifty,male
Estranged,dating,over_thirty,kids_under_five,to_fifty,male
Estranged,dating,over_thirty,kids_under_five,to_fifty,male
Tentative,dating,six_to_ten,kids_none,to_twentyfour,male
Tentative,dating,six_to_ten,kids_none,to_twentyfour,male
Tentative,dating,six_to_ten,kids_none,to_twentyfour,male
Hopeful,dating,six_to_ten,kids_to_fifth,to_twentyfour,male
Broken,dating,six_to_ten,kids_to_fifth,to_twentyfour,male
Shallow,dating,six_to_ten,kids_under_five,to_thirty,male
Fickle,dating,six_to_ten,kids_under_five,to_twentyfour,male
Strong,dating,six_to_ten,kids_under_five,to_twentyfour,male
Tentative,dating,three_to_five,kids_none,to_thirty,male
Stuck,dating,three_to_five,kids_none,to_twentyfour,male
Stuck,dating,three_to_five,kids_none,to_twentyfour,male
Shallow,dating,three_to_five,kids_under_five,to_twentyfour,male
Detached,dating,twentyone_to_thirty,adult_children,to_sixty,male
Detached,dating,twentyone_to_thirty,adult_children,to_sixty,male
Strong,dating,twentyone_to_thirty,adult_children,to_sixty,male
Broken,dating,twentyone_to_thirty,adult_children,to_sixty,male
Broken,dating,twentyone_to_thirty,adult_children,to_sixty,male
Broken,dating,twentyone_to_thirty,adult_children,to_sixty,male
Tentative,dating,twentyone_to_thirty,kids_none,to_fifty,male
Tentative,dating,twentyone_to_thirty,kids_none,to_fifty,male
Detached,dating,twentyone_to_thirty,kids_none,to_fifty,female
Detached,dating,twentyone_to_thirty,kids_none,to_fifty,female
Thriving,dating,twentyone_to_thirty,kids_none,to_fifty,female
Thriving,dating,twentyone_to_thirty,kids_none,to_fifty,female
Thriving,dating,twentyone_to_thirty,kids_none,to_fifty,female
Shallow,dating,twentyone_to_thirty,kids_none,to_sixty,female
Shallow,dating,twentyone_to_thirty,kids_none,to_sixty,female
Shallow,dating,twentyone_to_thirty,kids_none,to_sixty,female
Steady,dating,twentyone_to_thirty,kids_to_fifth,to_fifty,female
Steady,dating,twentyone_to_thirty,kids_to_fifth,to_fifty,female
Shallow,dating,twentyone_to_thirty,kids_to_fifth,to_fifty,female
Shallow,dating,twentyone_to_thirty,kids_to_fifth,to_fifty,female
Detached,dating,twentyone_to_thirty,kids_to_twelfth,to_fifty,female
Stuck,dating,twentyone_to_thirty,kids_to_twelfth,to_fifty,female
Stuck,dating,twentyone_to_thirty,kids_to_twelfth,to_fifty,male
Stuck,dating,twentyone_to_thirty,kids_to_twelfth,to_fifty,male
Stuck,dating,twentyone_to_thirty,kids_to_twelfth,to_fifty,male
Stuck,dating,twentyone_to_thirty,kids_to_twelfth,to_fifty,male
Broken,dating,twentyone_to_thirty,kids_to_twelfth,to_fifty,male
Broken,dating,twentyone_to_thirty,kids_to_twelfth,to_sixty,male
Broken,dating,twentyone_to_thirty,kids_to_twelfth,to_sixty,male
Broken,dating,twentyone_to_thirty,kids_to_twelfth,to_sixty,male
Thriving,dating,twentyone_to_thirty,kids_to_twelfth,to_sixty,male
Thriving,dating,twentyone_to_thirty,kids_to_twelfth,to_sixty,male
Thriving,dating,twentyone_to_thirty,kids_to_twelfth,to_sixty,male
Steady,dating,twentyone_to_thirty,kids_under_five,to_fifty,male
Steady,dating,twentyone_to_thirty,kids_under_five,to_fifty,male
Estranged,dating,under_two,kids_none,to_twentyfour,male
Estranged,dating,under_two,kids_none,to_twentyfour,male
Estranged,dating,under_two,kids_none,to_twentyfour,male
Estranged,dating,under_two,kids_none,to_twentyfour,male
Tentative,dating,under_two,kids_none,under_eighteen,male
Tentative,dating,under_two,kids_none,under_eighteen,male
Tentative,dating,under_two,kids_none,under_eighteen,male
Hopeful,dating,under_two,kids_none,under_eighteen,male
Hopeful,dating,under_two,kids_none,under_eighteen,male
Strong,dating,under_two,kids_none,under_eighteen,male
Broken,dating,under_two,kids_none,under_eighteen,male
Broken,dating,under_two,kids_none,under_eighteen,male
Broken,dating,under_two,kids_none,under_eighteen,male
Broken,dating,under_two,kids_none,under_eighteen,male
Broken,dating,under_two,kids_none,under_eighteen,male
Broken,dating,under_two,kids_none,under_eighteen,male
Broken,dating,under_two,kids_none,under_eighteen,male
Broken,dating,under_two,kids_none,under_eighteen,male
Broken,dating,under_two,kids_none,under_eighteen,male
Estranged,dating,under_two,kids_none,under_eighteen,male
Estranged,dating,under_two,kids_none,under_eighteen,female
Estranged,dating,under_two,kids_none,under_eighteen,female
Estranged,dating,under_two,kids_none,under_eighteen,female
Estranged,dating,under_two,kids_none,under_eighteen,female
Steady,dating,under_two,kids_under_five,to_twentyfour,female
Hopeful,dating,under_two,kids_under_five,to_twentyfour,female
Hopeful,dating,under_two,kids_under_five,to_twentyfour,female
Fickle,dating,under_two,kids_under_five,to_twentyfour,female
Strong,dating,under_two,kids_under_five,to_twentyfour,female
Strong,dating,under_two,kids_under_five,to_twentyfour,female
Strong,dating,under_two,kids_under_five,to_twentyfour,female
Strong,dating,under_two,kids_under_five,to_twentyfour,female
Strong,dating,under_two,kids_under_five,to_twentyfour,female
Estranged,dating,under_two,kids_under_five,to_twentyfour,female
Estranged,dating,under_two,kids_under_five,to_twentyfour,female
Shallow,dating,under_two,kids_under_five,to_twentyfour,female
Shallow,dating,under_two,kids_under_five,to_twentyfour,female
Shallow,dating,under_two,kids_under_five,to_twentyfour,female
Hopeful,dating,under_two,kids_under_five,under_eighteen,female
Hopeful,dating,under_two,kids_under_five,under_eighteen,female
Hopeful,dating,under_two,kids_under_five,under_eighteen,female
Fickle,dating,under_two,kids_under_five,under_eighteen,female
Fickle,dating,under_two,kids_under_five,under_eighteen,female
Fickle,dating,under_two,kids_under_five,under_eighteen,female
Strong,dating,under_two,kids_under_five,under_eighteen,female
Broken,dating,under_two,kids_under_five,under_eighteen,female
Broken,dating,under_two,kids_under_five,under_eighteen,female
Broken,dating,under_two,kids_under_five,under_eighteen,female
Frayed,engaged,eleven_to_twenty,adult_children,to_fifty,female
Frayed,engaged,eleven_to_twenty,adult_children,to_fifty,female
Tentative,engaged,eleven_to_twenty,kids_none,to_forty,female
Hopeful,engaged,eleven_to_twenty,kids_none,to_thirty,female
Hopeful,engaged,eleven_to_twenty,kids_none,to_thirty,female
Thriving,engaged,eleven_to_twenty,kids_none,to_thirty,female
Hopeful,engaged,eleven_to_twenty,kids_to_fifth,to_forty,female
Hopeful,engaged,eleven_to_twenty,kids_to_fifth,to_forty,female
Hopeful,engaged,eleven_to_twenty,kids_to_fifth,to_forty,female
Fickle,engaged,eleven_to_twenty,kids_to_fifth,to_forty,female
Fickle,engaged,eleven_to_twenty,kids_to_fifth,to_forty,female
Fickle,engaged,eleven_to_twenty,kids_to_fifth,to_forty,female
Estranged,engaged,eleven_to_twenty,kids_to_fifth,to_forty,female
Estranged,engaged,eleven_to_twenty,kids_to_fifth,to_forty,female
Estranged,engaged,eleven_to_twenty,kids_to_fifth,to_forty,female
Thriving,engaged,eleven_to_twenty,kids_to_fifth,to_forty,male
Thriving,engaged,eleven_to_twenty,kids_to_fifth,to_forty,male
Detached,engaged,eleven_to_twenty,kids_to_fifth,to_thirty,male
Frayed,engaged,eleven_to_twenty,kids_to_twelfth,to_forty,male
Frayed,engaged,eleven_to_twenty,kids_to_twelfth,to_forty,male
Fickle,engaged,eleven_to_twenty,kids_under_five,to_thirty,male
Reliable,engaged,over_thirty,adult_children,to_fifty,male
Shallow,engaged,over_thirty,adult_children,to_fifty,male
Shallow,engaged,over_thirty,adult_children,to_fifty,male
Reliable,engaged,over_thirty,kids_none,to_fifty,male
Tentative,engaged,over_thirty,kids_none,to_fifty,male
Tentative,engaged,over_thirty,kids_none,to_fifty,male
Tentative,engaged,over_thirty,kids_none,to_fifty,male
Hopeful,engaged,over_thirty,kids_none,to_fifty,male
Hopeful,engaged,over_thirty,kids_none,to_fifty,male
Hopeful,engaged,over_thirty,kids_none,to_fifty,male
Hopeful,engaged,over_thirty,kids_none,to_fifty,male
Hopeful,engaged,over_thirty,kids_none,to_fifty,male
Hopeful,engaged,over_thirty,kids_none,to_fifty,male
Hopeful,engaged,over_thirty,kids_none,to_fifty,male
Fickle,engaged,over_thirty,kids_none,to_fifty,male
Fickle,engaged,over_thirty,kids_none,to_fifty,male
Strong,engaged,over_thirty,kids_none,to_fifty,male
Strong,engaged,over_thirty,kids_none,to_fifty,male
Strong,engaged,over_thirty,kids_none,to_sixty,male
Broken,engaged,over_thirty,kids_none,to_sixty,male
Broken,engaged,over_thirty,kids_none,to_sixty,male
Reliable,engaged,over_thirty,kids_to_fifth,to_fifty,male
Reliable,engaged,over_thirty,kids_to_fifth,to_fifty,male
Reliable,engaged,over_thirty,kids_to_twelfth,to_fifty,male
Reliable,engaged,over_thirty,kids_to_twelfth,to_fifty,male
Reliable,engaged,over_thirty,kids_to_twelfth,to_fifty,female
Fickle,engaged,over_thirty,kids_to_twelfth,to_fifty,female
Fickle,engaged,over_thirty,kids_to_twelfth,to_fifty,female
Fickle,engaged,over_thirty,kids_to_twelfth,to_fifty,female
Fickle,engaged,over_thirty,kids_to_twelfth,to_fifty,female
Fickle,engaged,over_thirty,kids_to_twelfth,to_fifty,female
Estranged,engaged,over_thirty,kids_to_twelfth,to_fifty,female
Estranged,engaged,over_thirty,kids_to_twelfth,to_fifty,female
Estranged,engaged,over_thirty,kids_to_twelfth,to_fifty,female
Estranged,engaged,over_thirty,kids_to_twelfth,to_sixty,female
Shallow,engaged,over_thirty,kids_to_twelfth,to_sixty,female
Estranged,engaged,over_thirty,kids_under_five,to_fifty,female
Estranged,engaged,over_thirty,kids_under_five,to_fifty,female
Shallow,engaged,over_thirty,kids_under_five,to_fifty,female
Shallow,engaged,over_thirty,kids_under_five,to_fifty,female
Hopeful,engaged,over_thirty,kids_under_five,to_sixty,female
Fickle,engaged,over_thirty,kids_under_five,to_sixty,female
Fickle,engaged,over_thirty,kids_under_five,to_sixty,female
Thriving,engaged,six_to_ten,kids_none,to_forty,female
Detached,engaged,six_to_ten,kids_to_fifth,to_forty,female
Detached,engaged,six_to_ten,kids_to_fifth,to_forty,female
Detached,engaged,six_to_ten,kids_to_fifth,to_thirty,female
Strong,engaged,six_to_ten,kids_to_fifth,to_twentyfour,female
Fickle,engaged,six_to_ten,kids_under_five,to_thirty,female
Hopeful,engaged,six_to_ten,kids_under_five,to_twentyfour,female
Hopeful,engaged,six_to_ten,kids_under_five,to_twentyfour,male
Hopeful,engaged,six_to_ten,kids_under_five,to_twentyfour,male
Reliable,engaged,three_to_five,kids_to_fifth,to_thirty,male
Detached,engaged,three_to_five,kids_to_fifth,to_thirty,male
Detached,engaged,three_to_five,kids_to_fifth,to_thirty,male
Detached,engaged,three_to_five,kids_to_fifth,to_thirty,male
Strong,engaged,three_to_five,kids_under_five,under_eighteen,male
Estranged,engaged,twentyone_to_thirty,adult_children,to_fifty,male
Estranged,engaged,twentyone_to_thirty,adult_children,to_fifty,male
Shallow,engaged,twentyone_to_thirty,adult_children,to_fifty,male
Reliable,engaged,twentyone_to_thirty,kids_none,to_fifty,male
Reliable,engaged,twentyone_to_thirty,kids_none,to_fifty,male
Reliable,engaged,twentyone_to_thirty,kids_none,to_fifty,male
Reliable,engaged,twentyone_to_thirty,kids_none,to_fifty,male
Tentative,engaged,twentyone_to_thirty,kids_none,to_fifty,male
Detached,engaged,twentyone_to_thirty,kids_none,to_fifty,male
Detached,engaged,twentyone_to_thirty,kids_none,to_fifty,male
Hopeful,engaged,twentyone_to_thirty,kids_none,to_fifty,female
Hopeful,engaged,twentyone_to_thirty,kids_none,to_fifty,female
Hopeful,engaged,twentyone_to_thirty,kids_none,to_seventy,female
Hopeful,engaged,twentyone_to_thirty,kids_none,to_seventy,female
Shallow,engaged,twentyone_to_thirty,kids_none,to_seventy,female
Shallow,engaged,twentyone_to_thirty,kids_none,to_seventy,female
Estranged,engaged,twentyone_to_thirty,kids_to_fifth,to_fifty,female
Stuck,engaged,twentyone_to_thirty,kids_to_twelfth,to_fifty,female
Frayed,engaged,twentyone_to_thirty,kids_to_twelfth,to_fifty,female
Broken,engaged,twentyone_to_thirty,kids_to_twelfth,to_fifty,female
Broken,engaged,twentyone_to_thirty,kids_to_twelfth,to_fifty,female
Estranged,engaged,twentyone_to_thirty,kids_to_twelfth,to_fifty,female
Estranged,engaged,twentyone_to_thirty,kids_to_twelfth,to_fifty,female
Estranged,engaged,twentyone_to_thirty,kids_to_twelfth,to_fifty,female
Estranged,engaged,twentyone_to_thirty,kids_to_twelfth,to_fifty,female
Fickle,engaged,twentyone_to_thirty,kids_under_five,to_fifty,female
Estranged,engaged,twentyone_to_thirty,kids_under_five,to_fifty,female
Estranged,engaged,twentyone_to_thirty,kids_under_five,to_fifty,female
Estranged,engaged,twentyone_to_thirty,kids_under_five,to_fifty,female
Estranged,engaged,twentyone_to_thirty,kids_under_five,to_fifty,female
Thriving,engaged,under_two,kids_none,to_thirty,female
Thriving,engaged,under_two,kids_none,to_thirty,female
Thriving,engaged,under_two,kids_none,to_thirty,female
Hopeful,engaged,under_two,kids_none,to_twentyfour,female
Fickle,engaged,under_two,kids_none,to_twentyfour,female
Fickle,engaged,under_two,kids_none,to_twentyfour,female
Fickle,engaged,under_two,kids_none,to_twentyfour,female
Fickle,engaged,under_two,kids_none,to_twentyfour,female
Fickle,engaged,under_two,kids_none,to_twentyfour,female
Fickle,engaged,under_two,kids_none,to_twentyfour,female
Broken,engaged,under_two,kids_none,to_twentyfour,male
Broken,engaged,under_two,kids_none,to_twentyfour,male
Broken,engaged,under_two,kids_none,to_twentyfour,male
Thriving,engaged,under_two,kids_none,to_twentyfour,male
Thriving,engaged,under_two,kids_none,to_twentyfour,male
Thriving,engaged,under_two,kids_none,to_twentyfour,male
Thriving,engaged,under_two,kids_none,to_twentyfour,male
Hopeful,engaged,under_two,kids_none,under_eighteen,male
Hopeful,engaged,under_two,kids_under_five,to_thirty,male
Strong,engaged,under_two,kids_under_five,to_thirty,male
Strong,engaged,under_two,kids_under_five,to_thirty,male
Broken,engaged,under_two,kids_under_five,to_thirty,male
Thriving,engaged,under_two,kids_under_five,to_thirty,male
Shallow,engaged,under_two,kids_under_five,to_thirty,male
Shallow,engaged,under_two,kids_under_five,to_thirty,male
Shallow,engaged,under_two,kids_under_five,to_thirty,male
Shallow,engaged,under_two,kids_under_five,to_thirty,male
Shallow,engaged,under_two,kids_under_five,to_thirty,male
Shallow,engaged,under_two,kids_under_five,to_thirty,male
Shallow,engaged,under_two,kids_under_five,to_thirty,male
Hopeful,engaged,under_two,kids_under_five,to_twentyfour,male
Hopeful,engaged,under_two,kids_under_five,to_twentyfour,male
Hopeful,engaged,under_two,kids_under_five,to_twentyfour,male
Hopeful,engaged,under_two,kids_under_five,to_twentyfour,male
Hopeful,engaged,under_two,kids_under_five,to_twentyfour,male
Hopeful,engaged,under_two,kids_under_five,to_twentyfour,male
Fickle,engaged,under_two,kids_under_five,to_twentyfour,male
Fickle,engaged,under_two,kids_under_five,to_twentyfour,male
Fickle,engaged,under_two,kids_under_five,to_twentyfour,male
Strong,engaged,under_two,kids_under_five,to_twentyfour,male
Detached,living_together,eleven_to_twenty,adult_children,to_fifty,male
Detached,living_together,eleven_to_twenty,adult_children,to_fifty,female
Fickle,living_together,eleven_to_twenty,adult_children,to_fifty,female
Fickle,living_together,eleven_to_twenty,adult_children,to_fifty,female
Fickle,living_together,eleven_to_twenty,kids_none,to_fifty,female
Fickle,living_together,eleven_to_twenty,kids_none,to_forty,female
Fickle,living_together,eleven_to_twenty,kids_none,to_thirty,female
Fickle,living_together,eleven_to_twenty,kids_none,to_thirty,female
Fickle,living_together,eleven_to_twenty,kids_none,to_thirty,female
Fickle,living_together,eleven_to_twenty,kids_none,to_thirty,female
Fickle,living_together,eleven_to_twenty,kids_none,to_thirty,female
Fickle,living_together,eleven_to_twenty,kids_none,to_thirty,female
Stuck,living_together,eleven_to_twenty,kids_to_fifth,to_forty,female
Thriving,living_together,eleven_to_twenty,kids_to_fifth,to_forty,female
Shallow,living_together,eleven_to_twenty,kids_to_fifth,to_forty,female
Stuck,living_together,eleven_to_twenty,kids_to_twelfth,to_fifty,female
Detached,living_together,eleven_to_twenty,kids_to_twelfth,to_forty,female
Detached,living_together,eleven_to_twenty,kids_to_twelfth,to_forty,female
Detached,living_together,eleven_to_twenty,kids_under_five,to_fifty,female
Shallow,living_together,eleven_to_twenty,kids_under_five,to_forty,female
Shallow,living_together,eleven_to_twenty,kids_under_five,to_forty,female
Shallow,living_together,eleven_to_twenty,kids_under_five,to_forty,female
Detached,living_together,eleven_to_twenty,kids_under_five,to_thirty,female
Detached,living_together,eleven_to_twenty,kids_under_five,to_thirty,female
Stuck,living_together,eleven_to_twenty,kids_under_five,to_thirty,female
Shallow,living_together,eleven_to_twenty,kids_under_five,to_thirty,female
Fickle,living_together,over_thirty,adult_children,to_fifty,female
Reliable,living_together,over_thirty,kids_none,to_fifty,male
Detached,living_together,over_thirty,kids_none,to_fifty,male
Detached,living_together,over_thirty,kids_none,to_fifty,male
Detached,living_together,over_thirty,kids_none,to_fifty,male
Detached,living_together,over_thirty,kids_none,to_fifty,male
Detached,living_together,over_thirty,kids_none,to_fifty,male
Hopeful,living_together,over_thirty,kids_none,to_fifty,male
Strong,living_together,over_thirty,kids_none,to_seventy,male
Strong,living_together,over_thirty,kids_none,to_seventy,male
Hopeful,living_together,over_thirty,kids_none,to_sixty,male
Hopeful,living_together,over_thirty,kids_none,to_sixty,male
Hopeful,living_together,over_thirty,kids_none,to_sixty,male
Fickle,living_together,over_thirty,kids_none,to_sixty,male
Detached,living_together,over_thirty,kids_to_twelfth,to_fifty,male
Detached,living_together,over_thirty,kids_to_twelfth,to_fifty,male
Detached,living_together,over_thirty,kids_to_twelfth,to_fifty,male
Hopeful,living_together,over_thirty,kids_to_twelfth,to_fifty,male
Hopeful,living_together,over_thirty,kids_to_twelfth,to_fifty,male
Hopeful,living_together,over_thirty,kids_to_twelfth,to_fifty,male
Frayed,living_together,over_thirty,kids_to_twelfth,to_fifty,male
Frayed,living_together,over_thirty,kids_to_twelfth,to_fifty,male
Fickle,living_together,over_thirty,kids_to_twelfth,to_fifty,male
Fickle,living_together,over_thirty,kids_to_twelfth,to_fifty,male
Fickle,living_together,over_thirty,kids_to_twelfth,to_fifty,male
Fickle,living_together,over_thirty,kids_to_twelfth,to_fifty,male
Fickle,living_together,over_thirty,kids_to_twelfth,to_fifty,male
Fickle,living_together,over_thirty,kids_to_twelfth,to_fifty,male
Fickle,living_together,over_thirty,kids_to_twelfth,to_fifty,male
Fickle,living_together,over_thirty,kids_to_twelfth,to_fifty,male
Fickle,living_together,over_thirty,kids_to_twelfth,to_fifty,male
Fickle,living_together,over_thirty,kids_to_twelfth,to_fifty,male
Shallow,living_together,over_thirty,kids_to_twelfth,to_fifty,male
Shallow,living_together,over_thirty,kids_to_twelfth,to_fifty,male
Shallow,living_together,over_thirty,kids_to_twelfth,to_fifty,male
Shallow,living_together,over_thirty,kids_under_five,to_fifty,male
Shallow,living_together,over_thirty,kids_under_five,to_fifty,female
Shallow,living_together,over_thirty,kids_under_five,to_fifty,female
Shallow,living_together,over_thirty,kids_under_five,to_fifty,female
Shallow,living_together,over_thirty,kids_under_five,to_fifty,female
Fickle,living_together,six_to_ten,kids_none,to_forty,female
Shallow,living_together,six_to_ten,kids_none,to_forty,female
Shallow,living_together,six_to_ten,kids_none,to_forty,female
Tentative,living_together,six_to_ten,kids_none,to_thirty,female
Hopeful,living_together,six_to_ten,kids_none,to_thirty,female
Fickle,living_together,six_to_ten,kids_none,to_thirty,female
Fickle,living_together,six_to_ten,kids_none,to_thirty,female
Stuck,living_together,six_to_ten,kids_under_five,to_fifty,female
Frayed,living_together,six_to_ten,kids_under_five,to_fifty,female
Shallow,living_together,six_to_ten,kids_under_five,to_twentyfour,female
Shallow,living_together,six_to_ten,kids_under_five,to_twentyfour,female
Fickle,living_together,three_to_five,kids_none,to_thirty,female
Tentative,living_together,three_to_five,kids_none,to_twentyfour,female
Detached,living_together,three_to_five,kids_none,to_twentyfour,female
Detached,living_together,three_to_five,kids_none,to_twentyfour,female
Hopeful,living_together,three_to_five,kids_none,to_twentyfour,female
Detached,living_together,three_to_five,kids_to_fifth,to_forty,female
Detached,living_together,three_to_five,kids_to_fifth,to_forty,female
Detached,living_together,three_to_five,kids_to_fifth,to_forty,female
Stuck,living_together,three_to_five,kids_under_five,to_forty,female
Detached,living_together,twentyone_to_thirty,adult_children,to_fifty,female
Detached,living_together,twentyone_to_thirty,adult_children,to_fifty,male
Detached,living_together,twentyone_to_thirty,adult_children,to_fifty,male
Hopeful,living_together,twentyone_to_thirty,adult_children,to_fifty,male
Hopeful,living_together,twentyone_to_thirty,adult_children,to_fifty,male
Fickle,living_together,twentyone_to_thirty,adult_children,to_fifty,male
Fickle,living_together,twentyone_to_thirty,adult_children,to_fifty,male
Fickle,living_together,twentyone_to_thirty,adult_children,to_fifty,male
Fickle,living_together,twentyone_to_thirty,adult_children,to_fifty,male
Fickle,living_together,twentyone_to_thirty,adult_children,to_sixty,male
Fickle,living_together,twentyone_to_thirty,adult_children,to_sixty,male
Shallow,living_together,twentyone_to_thirty,adult_children,to_sixty,male
Fickle,living_together,twentyone_to_thirty,kids_none,to_fifty,male
Fickle,living_together,twentyone_to_thirty,kids_none,to_fifty,male
Fickle,living_together,twentyone_to_thirty,kids_none,to_fifty,male
Fickle,living_together,twentyone_to_thirty,kids_none,to_fifty,male
Shallow,living_together,twentyone_to_thirty,kids_none,to_fifty,male
Shallow,living_together,twentyone_to_thirty,kids_none,to_fifty,male
Shallow,living_together,twentyone_to_thirty,kids_none,to_fifty,male
Shallow,living_together,twentyone_to_thirty,kids_none,to_fifty,male
Hopeful,living_together,twentyone_to_thirty,kids_none,to_seventy,male
Hopeful,living_together,twentyone_to_thirty,kids_none,to_seventy,male
Stuck,living_together,twentyone_to_thirty,kids_none,to_seventy,male
Detached,living_together,twentyone_to_thirty,kids_none,to_sixty,male
Detached,living_together,twentyone_to_thirty,kids_none,to_sixty,male
Detached,living_together,twentyone_to_thirty,kids_to_twelfth,to_fifty,male
Detached,living_together,twentyone_to_thirty,kids_to_twelfth,to_fifty,male
Hopeful,living_together,twentyone_to_thirty,kids_to_twelfth,to_fifty,male
Estranged,living_together,twentyone_to_thirty,kids_to_twelfth,to_fifty,male
Estranged,living_together,twentyone_to_thirty,kids_to_twelfth,to_fifty,male
Shallow,living_together,twentyone_to_thirty,kids_to_twelfth,to_fifty,male
Shallow,living_together,twentyone_to_thirty,kids_to_twelfth,to_fifty,male
Shallow,living_together,twentyone_to_thirty,kids_to_twelfth,to_fifty,male
Shallow,living_together,twentyone_to_thirty,kids_to_twelfth,to_fifty,male
Shallow,living_together,twentyone_to_thirty,kids_to_twelfth,to_fifty,female
Shallow,living_together,twentyone_to_thirty,kids_to_twelfth,to_fifty,female
Broken,living_together,twentyone_to_thirty,kids_to_twelfth,to_seventy,female
Broken,living_together,twentyone_to_thirty,kids_to_twelfth,to_seventy,female
Stuck,living_together,twentyone_to_thirty,kids_to_twelfth,to_sixty,female
Stuck,living_together,twentyone_to_thirty,kids_to_twelfth,to_sixty,female
Frayed,living_together,twentyone_to_thirty,kids_to_twelfth,to_sixty,female
Fickle,living_together,twentyone_to_thirty,kids_to_twelfth,to_sixty,female
Detached,living_together,twentyone_to_thirty,kids_under_five,to_fifty,female
Shallow,living_together,under_two,kids_none,to_thirty,female
Shallow,living_together,under_two,kids_none,to_thirty,female
Shallow,living_together,under_two,kids_none,to_thirty,female
Shallow,living_together,under_two,kids_none,to_thirty,female
Fickle,living_together,under_two,kids_none,to_twentyfour,female
Thriving,living_together,under_two,kids_none,to_twentyfour,female
Thriving,living_together,under_two,kids_none,to_twentyfour,female
Thriving,living_together,under_two,kids_none,to_twentyfour,female
Thriving,living_together,under_two,kids_none,to_twentyfour,female
Thriving,living_together,under_two,kids_none,to_twentyfour,female
Hopeful,living_together,under_two,kids_none,under_eighteen,female
Thriving,living_together,under_two,kids_to_fifth,to_thirty,female
Broken,living_together,under_two,kids_under_five,to_forty,female
Shallow,living_together,under_two,kids_under_five,to_forty,female
Shallow,living_together,under_two,kids_under_five,to_forty,female
Frayed,living_together,under_two,kids_under_five,to_twentyfour,female
Frayed,living_together,under_two,kids_under_five,to_twentyfour,female
Frayed,living_together,under_two,kids_under_five,to_twentyfour,male
Frayed,living_together,under_two,kids_under_five,to_twentyfour,male
Broken,living_together,under_two,kids_under_five,to_twentyfour,male
Tentative,married,eleven_to_twenty,adult_children,to_fifty,male
Detached,married,eleven_to_twenty,adult_children,to_fifty,male
Detached,married,eleven_to_twenty,adult_children,to_fifty,male
Frayed,married,eleven_to_twenty,adult_children,to_fifty,male
Strong,married,eleven_to_twenty,adult_children,to_fifty,male
Strong,married,eleven_to_twenty,adult_children,to_fifty,male
Broken,married,eleven_to_twenty,adult_children,to_fifty,male
Thriving,married,eleven_to_twenty,adult_children,to_seventy,male
Broken,married,eleven_to_twenty,adult_children,to_sixty,male
Broken,married,eleven_to_twenty,adult_children,to_sixty,male
Thriving,married,eleven_to_twenty,adult_children,to_sixty,male
Steady,married,eleven_to_twenty,kids_none,to_forty,male
Strong,married,eleven_to_twenty,kids_none,to_forty,male
Strong,married,eleven_to_twenty,kids_none,to_forty,male
Strong,married,eleven_to_twenty,kids_none,to_forty,male
Strong,married,eleven_to_twenty,kids_none,to_forty,male
Strong,married,eleven_to_twenty,kids_none,to_forty,male
Strong,married,eleven_to_twenty,kids_none,to_forty,male
Strong,married,eleven_to_twenty,kids_none,to_forty,male
Strong,married,eleven_to_twenty,kids_none,to_forty,male
Strong,married,eleven_to_twenty,kids_none,to_forty,male
Steady,married,eleven_to_twenty,kids_none,to_thirty,male
Steady,married,eleven_to_twenty,kids_none,to_thirty,male
Steady,married,eleven_to_twenty,kids_none,to_thirty,male
Reliable,married,eleven_to_twenty,kids_none,to_thirty,male
Detached,married,eleven_to_twenty,kids_none,to_thirty,male
Frayed,married,eleven_to_twenty,kids_none,to_thirty,male
Frayed,married,eleven_to_twenty,kids_none,to_thirty,male
Frayed,married,eleven_to_twenty,kids_none,to_thirty,male
Fickle,married,eleven_to_twenty,kids_none,to_thirty,male
Fickle,married,eleven_to_twenty,kids_none,to_thirty,male
Fickle,married,eleven_to_twenty,kids_none,to_thirty,male
Fickle,married,eleven_to_twenty,kids_none,to_thirty,female
Shallow,married,eleven_to_twenty,kids_none,to_thirty,female
Shallow,married,eleven_to_twenty,kids_none,to_thirty,female
Shallow,married,eleven_to_twenty,kids_none,to_thirty,female
Shallow,married,eleven_to_twenty,kids_none,to_thirty,female
Shallow,married,eleven_to_twenty,kids_none,to_thirty,female
Shallow,married,eleven_to_twenty,kids_none,to_thirty,female
Strong,married,eleven_to_twenty,kids_to_fifth,to_fifty,female
Broken,married,eleven_to_twenty,kids_to_fifth,to_fifty,female
Broken,married,eleven_to_twenty,kids_to_fifth,to_fifty,female
Broken,married,eleven_to_twenty,kids_to_fifth,to_fifty,female
Estranged,married,eleven_to_twenty,kids_to_fifth,to_fifty,female
Estranged,married,eleven_to_twenty,kids_to_fifth,to_fifty,female
Thriving,married,eleven_to_twenty,kids_to_fifth,to_fifty,female
Thriving,married,eleven_to_twenty,kids_to_fifth,to_fifty,female
Thriving,married,eleven_to_twenty,kids_to_fifth,to_fifty,female
Thriving,married,eleven_to_twenty,kids_to_fifth,to_fifty,female
Detached,married,eleven_to_twenty,kids_to_fifth,to_forty,female
Detached,married,eleven_to_twenty,kids_to_fifth,to_forty,female
Hopeful,married,eleven_to_twenty,kids_to_fifth,to_forty,female
Hopeful,married,eleven_to_twenty,kids_to_fifth,to_forty,female
Hopeful,married,eleven_to_twenty,kids_to_fifth,to_forty,female
Hopeful,married,eleven_to_twenty,kids_to_fifth,to_forty,female
Hopeful,married,eleven_to_twenty,kids_to_fifth,to_forty,female
Fickle,married,eleven_to_twenty,kids_to_fifth,to_forty,female
Fickle,married,eleven_to_twenty,kids_to_fifth,to_forty,male
Strong,married,eleven_to_twenty,kids_to_fifth,to_forty,male
Strong,married,eleven_to_twenty,kids_to_fifth,to_forty,male
Thriving,married,eleven_to_twenty,kids_to_fifth,to_forty,male
Thriving,married,eleven_to_twenty,kids_to_fifth,to_forty,male
Thriving,married,eleven_to_twenty,kids_to_fifth,to_forty,male
Thriving,married,eleven_to_twenty,kids_to_fifth,to_forty,male
Steady,married,eleven_to_twenty,kids_to_fifth,to_thirty,male
Reliable,married,eleven_to_twenty,kids_to_fifth,to_thirty,male
Reliable,married,eleven_to_twenty,kids_to_fifth,to_thirty,male
Reliable,married,eleven_to_twenty,kids_to_fifth,to_thirty,male
Reliable,married,eleven_to_twenty,kids_to_fifth,to_thirty,male
Detached,married,eleven_to_twenty,kids_to_fifth,to_thirty,male
Thriving,married,eleven_to_twenty,kids_to_fifth,to_thirty,male
Detached,married,eleven_to_twenty,kids_to_twelfth,to_forty,male
Shallow,married,eleven_to_twenty,kids_under_five,to_forty,male
Shallow,married,eleven_to_twenty,kids_under_five,to_forty,male
Shallow,married,eleven_to_twenty,kids_under_five,to_forty,male
Shallow,married,eleven_to_twenty,kids_under_five,to_forty,male
Shallow,married,eleven_to_twenty,kids_under_five,to_forty,male
Shallow,married,eleven_to_twenty,kids_under_five,to_forty,male
Shallow,married,eleven_to_twenty,kids_under_five,to_forty,male
Shallow,married,eleven_to_twenty,kids_under_five,to_forty,male
Frayed,married,eleven_to_twenty,kids_under_five,to_thirty,male
Frayed,married,eleven_to_twenty,kids_under_five,to_thirty,male
Fickle,married,eleven_to_twenty,kids_under_five,to_thirty,male
Estranged,married,eleven_to_twenty,kids_under_five,to_thirty,male
Estranged,married,eleven_to_twenty,kids_under_five,to_thirty,male
Estranged,married,eleven_to_twenty,kids_under_five,to_thirty,male
Strong,married,over_thirty,adult_children,to_seventy,male
Strong,married,over_thirty,adult_children,to_seventy,male
Frayed,married,over_thirty,adult_children,to_sixty,male
Frayed,married,over_thirty,adult_children,to_sixty,female
Frayed,married,over_thirty,adult_children,to_sixty,female
Steady,married,over_thirty,kids_none,to_fifty,female
Steady,married,over_thirty,kids_none,to_fifty,female
Steady,married,over_thirty,kids_none,to_fifty,female
Steady,married,over_thirty,kids_none,to_fifty,female
Steady,married,over_thirty,kids_none,to_fifty,female
Reliable,married,over_thirty,kids_none,to_fifty,female
Reliable,married,over_thirty,kids_none,to_fifty,female
Reliable,married,over_thirty,kids_none,to_fifty,female
Reliable,married,over_thirty,kids_none,to_fifty,female
Reliable,married,over_thirty,kids_none,to_fifty,female
Reliable,married,over_thirty,kids_none,to_fifty,female
Reliable,married,over_thirty,kids_none,to_fifty,female
Reliable,married,over_thirty,kids_none,to_fifty,female
Reliable,married,over_thirty,kids_none,to_fifty,female
Reliable,married,over_thirty,kids_none,to_fifty,female
Tentative,married,over_thirty,kids_none,to_fifty,female
Tentative,married,over_thirty,kids_none,to_fifty,male
Tentative,married,over_thirty,kids_none,to_fifty,male
Tentative,married,over_thirty,kids_none,to_fifty,male
Detached,married,over_thirty,kids_none,to_fifty,male
Detached,married,over_thirty,kids_none,to_fifty,male
Detached,married,over_thirty,kids_none,to_fifty,male
Detached,married,over_thirty,kids_none,to_fifty,male
Detached,married,over_thirty,kids_none,to_fifty,male
Detached,married,over_thirty,kids_none,to_fifty,male
Detached,married,over_thirty,kids_none,to_fifty,male
Detached,married,over_thirty,kids_none,to_fifty,male
Detached,married,over_thirty,kids_none,to_fifty,male
Detached,married,over_thirty,kids_none,to_fifty,male
Detached,married,over_thirty,kids_none,to_fifty,male
Detached,married,over_thirty,kids_none,to_fifty,male
Detached,married,over_thirty,kids_none,to_fifty,male
Strong,married,over_thirty,kids_none,to_fifty,male
Strong,married,over_thirty,kids_none,to_fifty,male
Strong,married,over_thirty,kids_none,to_fifty,male
Strong,married,over_thirty,kids_none,to_fifty,male
Strong,married,over_thirty,kids_none,to_fifty,male
Strong,married,over_thirty,kids_none,to_fifty,male
Strong,married,over_thirty,kids_none,to_fifty,male
Strong,married,over_thirty,kids_none,to_fifty,male
Strong,married,over_thirty,kids_none,to_fifty,male
Strong,married,over_thirty,kids_none,to_fifty,male
Strong,married,over_thirty,kids_none,to_fifty,male
Strong,married,over_thirty,kids_none,to_fifty,male
Estranged,married,over_thirty,kids_none,to_fifty,male
Estranged,married,over_thirty,kids_none,to_fifty,male
Estranged,married,over_thirty,kids_none,to_fifty,male
Estranged,married,over_thirty,kids_none,to_fifty,male
Estranged,married,over_thirty,kids_none,to_fifty,male
Estranged,married,over_thirty,kids_none,to_fifty,male
Shallow,married,over_thirty,kids_none,to_fifty,male
Shallow,married,over_thirty,kids_none,to_fifty,male
Shallow,married,over_thirty,kids_none,to_fifty,male
Shallow,married,over_thirty,kids_none,to_fifty,male
Shallow,married,over_thirty,kids_none,to_fifty,male
Shallow,married,over_thirty,kids_none,to_fifty,male
Shallow,married,over_thirty,kids_none,to_fifty,male
Shallow,married,over_thirty,kids_none,to_fifty,male
Reliable,married,over_thirty,kids_none,to_seventy,male
Reliable,married,over_thirty,kids_none,to_seventy,male
Reliable,married,over_thirty,kids_none,to_sixty,male
Reliable,married,over_thirty,kids_none,to_sixty,female
Reliable,married,over_thirty,kids_none,to_sixty,female
Hopeful,married,over_thirty,kids_none,to_sixty,female
Hopeful,married,over_thirty,kids_none,to_sixty,female
Hopeful,married,over_thirty,kids_none,to_sixty,female
Hopeful,married,over_thirty,kids_none,to_sixty,female
Hopeful,married,over_thirty,kids_none,to_sixty,female
Hopeful,married,over_thirty,kids_none,to_sixty,female
Stuck,married,over_thirty,kids_none,to_sixty,female
Stuck,married,over_thirty,kids_none,to_sixty,female
Stuck,married,over_thirty,kids_none,to_sixty,female
Fickle,married,over_thirty,kids_none,to_sixty,female
Fickle,married,over_thirty,kids_none,to_sixty,female
Fickle,married,over_thirty,kids_none,to_sixty,female
Fickle,married,over_thirty,kids_none,to_sixty,female
Fickle,married,over_thirty,kids_none,to_sixty,female
Strong,married,over_thirty,kids_none,to_sixty,female
Strong,married,over_thirty,kids_none,to_sixty,female
Reliable,married,over_thirty,kids_to_fifth,to_fifty,female
Reliable,married,over_thirty,kids_to_fifth,to_fifty,male
Reliable,married,over_thirty,kids_to_fifth,to_fifty,male
Tentative,married,over_thirty,kids_to_fifth,to_fifty,male
Strong,married,over_thirty,kids_to_fifth,to_fifty,male
Strong,married,over_thirty,kids_to_fifth,to_fifty,male
Strong,married,over_thirty,kids_to_fifth,to_fifty,male
Strong,married,over_thirty,kids_to_fifth,to_fifty,male
Strong,married,over_thirty,kids_to_fifth,to_fifty,male
Strong,married,over_thirty,kids_to_fifth,to_fifty,male
Strong,married,over_thirty,kids_to_fifth,to_fifty,male
Detached,married,over_thirty,kids_to_twelfth,to_fifty,male
Detached,married,over_thirty,kids_to_twelfth,to_fifty,male
Detached,married,over_thirty,kids_to_twelfth,to_fifty,male
Detached,married,over_thirty,kids_to_twelfth,to_fifty,male
Frayed,married,over_thirty,kids_to_twelfth,to_fifty,male
Frayed,married,over_thirty,kids_to_twelfth,to_fifty,male
Frayed,married,over_thirty,kids_to_twelfth,to_fifty,male
Frayed,married,over_thirty,kids_to_twelfth,to_fifty,male
Frayed,married,over_thirty,kids_to_twelfth,to_fifty,male
Strong,married,over_thirty,kids_to_twelfth,to_fifty,male
Strong,married,over_thirty,kids_to_twelfth,to_fifty,male
Strong,married,over_thirty,kids_to_twelfth,to_fifty,male
Strong,married,over_thirty,kids_to_twelfth,to_fifty,male
Strong,married,over_thirty,kids_to_twelfth,to_fifty,male
Strong,married,over_thirty,kids_to_twelfth,to_fifty,male
Strong,married,over_thirty,kids_to_twelfth,to_fifty,male
Strong,married,over_thirty,kids_to_twelfth,to_fifty,male
Strong,married,over_thirty,kids_to_twelfth,to_fifty,female
Strong,married,over_thirty,kids_to_twelfth,to_fifty,female
Strong,married,over_thirty,kids_to_twelfth,to_fifty,female
Strong,married,over_thirty,kids_to_twelfth,to_fifty,female
Strong,married,over_thirty,kids_to_twelfth,to_fifty,female
Broken,married,over_thirty,kids_to_twelfth,to_fifty,female
Broken,married,over_thirty,kids_to_twelfth,to_fifty,female
Broken,married,over_thirty,kids_to_twelfth,to_fifty,female
Estranged,married,over_thirty,kids_to_twelfth,to_fifty,female
Estranged,married,over_thirty,kids_to_twelfth,to_fifty,female
Estranged,married,over_thirty,kids_to_twelfth,to_fifty,female
Estranged,married,over_thirty,kids_to_twelfth,to_fifty,female
Estranged,married,over_thirty,kids_to_twelfth,to_fifty,female
Estranged,married,over_thirty,kids_to_twelfth,to_fifty,female
Estranged,married,over_thirty,kids_to_twelfth,to_fifty,female
Thriving,married,over_thirty,kids_to_twelfth,to_fifty,female
Thriving,married,over_thirty,kids_to_twelfth,to_fifty,female
Thriving,married,over_thirty,kids_to_twelfth,to_fifty,female
Thriving,married,over_thirty,kids_to_twelfth,to_fifty,female
Thriving,married,over_thirty,kids_to_twelfth,to_fifty,female
Thriving,married,over_thirty,kids_to_twelfth,to_fifty,female
Thriving,married,over_thirty,kids_to_twelfth,to_fifty,male
Thriving,married,over_thirty,kids_to_twelfth,to_fifty,male
Thriving,married,over_thirty,kids_to_twelfth,to_fifty,male
Thriving,married,over_thirty,kids_to_twelfth,to_fifty,male
Thriving,married,over_thirty,kids_to_twelfth,to_fifty,male
Thriving,married,over_thirty,kids_to_twelfth,to_fifty,male
Thriving,married,over_thirty,kids_to_twelfth,to_fifty,male
Thriving,married,over_thirty,kids_to_twelfth,to_fifty,male
Thriving,married,over_thirty,kids_to_twelfth,to_fifty,male
Thriving,married,over_thirty,kids_to_twelfth,to_fifty,male
Thriving,married,over_thirty,kids_to_twelfth,to_fifty,male
Shallow,married,over_thirty,kids_to_twelfth,to_fifty,female
Shallow,married,over_thirty,kids_to_twelfth,to_fifty,female
Shallow,married,over_thirty,kids_to_twelfth,to_fifty,female
Shallow,married,over_thirty,kids_to_twelfth,to_fifty,female
Shallow,married,over_thirty,kids_to_twelfth,to_fifty,female
Shallow,married,over_thirty,kids_to_twelfth,to_fifty,female
Shallow,married,over_thirty,kids_to_twelfth,to_fifty,female
Shallow,married,over_thirty,kids_to_twelfth,to_fifty,female
Shallow,married,over_thirty,kids_to_twelfth,to_fifty,female
Shallow,married,over_thirty,kids_to_twelfth,to_fifty,female
Shallow,married,over_thirty,kids_to_twelfth,to_fifty,female
Steady,married,over_thirty,kids_under_five,to_fifty,female
Steady,married,over_thirty,kids_under_five,to_fifty,female
Steady,married,over_thirty,kids_under_five,to_fifty,female
Steady,married,over_thirty,kids_under_five,to_fifty,female
Steady,married,over_thirty,kids_under_five,to_fifty,female
Strong,married,over_thirty,kids_under_five,to_fifty,female
Thriving,married,over_thirty,kids_under_five,to_fifty,female
Thriving,married,over_thirty,kids_under_five,to_fifty,female
Thriving,married,over_thirty,kids_under_five,to_fifty,female
Steady,married,six_to_ten,adult_children,to_fifty,male
Reliable,married,six_to_ten,kids_none,to_thirty,male
Detached,married,six_to_ten,kids_none,to_thirty,male
Frayed,married,six_to_ten,kids_none,to_thirty,male
Frayed,married,six_to_ten,kids_none,to_thirty,male
Fickle,married,six_to_ten,kids_none,to_thirty,male
Strong,married,six_to_ten,kids_none,to_thirty,male
Shallow,married,six_to_ten,kids_none,to_thirty,male
Shallow,married,six_to_ten,kids_none,to_thirty,male
Detached,married,six_to_ten,kids_to_fifth,to_forty,male
Detached,married,six_to_ten,kids_to_fifth,to_forty,male
Detached,married,six_to_ten,kids_to_fifth,to_forty,male
Hopeful,married,six_to_ten,kids_to_fifth,to_forty,male
Fickle,married,six_to_ten,kids_to_fifth,to_forty,male
Fickle,married,six_to_ten,kids_to_fifth,to_forty,male
Broken,married,six_to_ten,kids_to_fifth,to_forty,male
Reliable,married,six_to_ten,kids_to_fifth,to_thirty,male
Reliable,married,six_to_ten,kids_to_fifth,to_thirty,male
Reliable,married,six_to_ten,kids_to_twelfth,to_forty,male
Hopeful,married,six_to_ten,kids_under_five,to_thirty,male
Strong,married,six_to_ten,kids_under_five,to_thirty,male
Strong,married,six_to_ten,kids_under_five,to_thirty,male
Strong,married,six_to_ten,kids_under_five,to_thirty,male
Strong,married,six_to_ten,kids_under_five,to_thirty,male
Strong,married,six_to_ten,kids_under_five,to_thirty,male
Strong,married,six_to_ten,kids_under_five,to_thirty,male
Strong,married,six_to_ten,kids_under_five,to_thirty,male
Estranged,married,six_to_ten,kids_under_five,to_thirty,male
Thriving,married,six_to_ten,kids_under_five,to_thirty,male
Thriving,married,six_to_ten,kids_under_five,to_thirty,male
Shallow,married,six_to_ten,kids_under_five,to_thirty,male
Steady,married,three_to_five,adult_children,to_fifty,male
Tentative,married,three_to_five,adult_children,to_fifty,male
Strong,married,three_to_five,kids_none,to_forty,female
Thriving,married,three_to_five,kids_none,to_forty,female
Thriving,married,three_to_five,kids_none,to_forty,female
Stuck,married,three_to_five,kids_none,to_thirty,female
Stuck,married,three_to_five,kids_none,to_thirty,female
Stuck,married,three_to_five,kids_none,to_thirty,female
Stuck,married,three_to_five,kids_none,to_thirty,female
Stuck,married,three_to_five,kids_none,to_thirty,female
Reliable,married,three_to_five,kids_none,to_twentyfour,female
Tentative,married,three_to_five,kids_none,to_twentyfour,female
Detached,married,three_to_five,kids_none,to_twentyfour,female
Detached,married,three_to_five,kids_none,to_twentyfour,female
Detached,married,three_to_five,kids_none,to_twentyfour,female
Detached,married,three_to_five,kids_none,to_twentyfour,female
Stuck,married,three_to_five,kids_none,to_twentyfour,female
Stuck,married,three_to_five,kids_none,to_twentyfour,female
Stuck,married,three_to_five,kids_none,to_twentyfour,female
Stuck,married,three_to_five,kids_none,to_twentyfour,female
Stuck,married,three_to_five,kids_none,to_twentyfour,female
Tentative,married,three_to_five,kids_none,under_eighteen,female
Tentative,married,three_to_five,kids_none,under_eighteen,female
Tentative,married,three_to_five,kids_none,under_eighteen,female
Reliable,married,three_to_five,kids_to_fifth,to_thirty,female
Detached,married,three_to_five,kids_to_fifth,to_thirty,female
Detached,married,three_to_five,kids_to_fifth,to_thirty,female
Detached,married,three_to_five,kids_to_fifth,to_thirty,female
Hopeful,married,three_to_five,kids_to_fifth,to_thirty,female
Hopeful,married,three_to_five,kids_to_fifth,to_thirty,female
Hopeful,married,three_to_five,kids_to_fifth,to_thirty,female
Hopeful,married,three_to_five,kids_to_fifth,to_thirty,female
Fickle,married,three_to_five,kids_under_five,to_fifty,female
Fickle,married,three_to_five,kids_under_five,to_fifty,female
Strong,married,three_to_five,kids_under_five,to_fifty,female
Reliable,married,three_to_five,kids_under_five,to_forty,female
Reliable,married,three_to_five,kids_under_five,to_forty,female
Reliable,married,three_to_five,kids_under_five,to_forty,female
Reliable,married,three_to_five,kids_under_five,to_forty,female
Stuck,married,three_to_five,kids_under_five,to_forty,female
Stuck,married,three_to_five,kids_under_five,to_forty,female
Strong,married,three_to_five,kids_under_five,to_forty,male
Strong,married,three_to_five,kids_under_five,to_forty,male
Strong,married,three_to_five,kids_under_five,to_forty,male
Estranged,married,three_to_five,kids_under_five,to_forty,male
Strong,married,three_to_five,kids_under_five,to_thirty,male
Strong,married,three_to_five,kids_under_five,to_thirty,male
Strong,married,three_to_five,kids_under_five,to_thirty,male
Strong,married,three_to_five,kids_under_five,to_thirty,male
Strong,married,three_to_five,kids_under_five,to_thirty,male
Strong,married,three_to_five,kids_under_five,to_thirty,male
Strong,married,three_to_five,kids_under_five,to_thirty,male
Strong,married,three_to_five,kids_under_five,to_thirty,male
Strong,married,three_to_five,kids_under_five,to_thirty,male
Reliable,married,three_to_five,kids_under_five,to_twentyfour,male
Tentative,married,twentyone_to_thirty,adult_children,to_fifty,male
Tentative,married,twentyone_to_thirty,adult_children,to_fifty,male
Hopeful,married,twentyone_to_thirty,adult_children,to_fifty,male
Hopeful,married,twentyone_to_thirty,adult_children,to_fifty,male
Frayed,married,twentyone_to_thirty,adult_children,to_fifty,male
Fickle,married,twentyone_to_thirty,adult_children,to_fifty,male
Fickle,married,twentyone_to_thirty,adult_children,to_fifty,male
Strong,married,twentyone_to_thirty,adult_children,to_fifty,male
Strong,married,twentyone_to_thirty,adult_children,to_fifty,male
Strong,married,twentyone_to_thirty,adult_children,to_fifty,male
Strong,married,twentyone_to_thirty,adult_children,to_fifty,male
Strong,married,twentyone_to_thirty,adult_children,to_fifty,male
Strong,married,twentyone_to_thirty,adult_children,to_fifty,male
Strong,married,twentyone_to_thirty,adult_children,to_fifty,male
Strong,married,twentyone_to_thirty,adult_children,to_fifty,male
Thriving,married,twentyone_to_thirty,adult_children,to_seventy,male
Thriving,married,twentyone_to_thirty,adult_children,to_seventy,male
Thriving,married,twentyone_to_thirty,adult_children,to_seventy,male
Thriving,married,twentyone_to_thirty,adult_children,to_seventy,male
Thriving,married,twentyone_to_thirty,adult_children,to_seventy,male
Thriving,married,twentyone_to_thirty,adult_children,to_seventy,male
Thriving,married,twentyone_to_thirty,adult_children,to_seventy,male
Thriving,married,twentyone_to_thirty,adult_children,to_seventy,male
Shallow,married,twentyone_to_thirty,adult_children,to_seventy,male
Shallow,married,twentyone_to_thirty,adult_children,to_seventy,male
Shallow,married,twentyone_to_thirty,adult_children,to_seventy,male
Shallow,married,twentyone_to_thirty,adult_children,to_seventy,male
Shallow,married,twentyone_to_thirty,adult_children,to_seventy,male
Shallow,married,twentyone_to_thirty,adult_children,to_seventy,male
Strong,married,twentyone_to_thirty,adult_children,to_sixty,male
Strong,married,twentyone_to_thirty,adult_children,to_sixty,female
Strong,married,twentyone_to_thirty,adult_children,to_sixty,female
Broken,married,twentyone_to_thirty,adult_children,to_sixty,female
Broken,married,twentyone_to_thirty,adult_children,to_sixty,female
Broken,married,twentyone_to_thirty,adult_children,to_sixty,female
Broken,married,twentyone_to_thirty,adult_children,to_sixty,female
Broken,married,twentyone_to_thirty,adult_children,to_sixty,female
Broken,married,twentyone_to_thirty,adult_children,to_sixty,female
Broken,married,twentyone_to_thirty,adult_children,to_sixty,female
Broken,married,twentyone_to_thirty,adult_children,to_sixty,female
Estranged,married,twentyone_to_thirty,adult_children,to_sixty,female
Estranged,married,twentyone_to_thirty,adult_children,to_sixty,female
Estranged,married,twentyone_to_thirty,adult_children,to_sixty,female
Estranged,married,twentyone_to_thirty,adult_children,to_sixty,female
Estranged,married,twentyone_to_thirty,adult_children,to_sixty,female
Thriving,married,twentyone_to_thirty,adult_children,to_sixty,female
Steady,married,twentyone_to_thirty,kids_none,to_fifty,female
Reliable,married,twentyone_to_thirty,kids_none,to_fifty,female
Reliable,married,twentyone_to_thirty,kids_none,to_fifty,female
Reliable,married,twentyone_to_thirty,kids_none,to_fifty,female
Reliable,married,twentyone_to_thirty,kids_none,to_fifty,female
Reliable,married,twentyone_to_thirty,kids_none,to_fifty,female
Reliable,married,twentyone_to_thirty,kids_none,to_fifty,female
Reliable,married,twentyone_to_thirty,kids_none,to_fifty,female
Reliable,married,twentyone_to_thirty,kids_none,to_fifty,female
Reliable,married,twentyone_to_thirty,kids_none,to_fifty,female
Reliable,married,twentyone_to_thirty,kids_none,to_fifty,female
Detached,married,twentyone_to_thirty,kids_none,to_fifty,female
Detached,married,twentyone_to_thirty,kids_none,to_fifty,female
Stuck,married,twentyone_to_thirty,kids_none,to_fifty,female
Stuck,married,twentyone_to_thirty,kids_none,to_fifty,female
Frayed,married,twentyone_to_thirty,kids_none,to_fifty,female
Frayed,married,twentyone_to_thirty,kids_none,to_fifty,male
Fickle,married,twentyone_to_thirty,kids_none,to_fifty,male
Fickle,married,twentyone_to_thirty,kids_none,to_fifty,male
Fickle,married,twentyone_to_thirty,kids_none,to_fifty,male
Fickle,married,twentyone_to_thirty,kids_none,to_fifty,male
Fickle,married,twentyone_to_thirty,kids_none,to_fifty,male
Strong,married,twentyone_to_thirty,kids_none,to_fifty,male
Strong,married,twentyone_to_thirty,kids_none,to_fifty,male
Steady,married,twentyone_to_thirty,kids_to_fifth,to_fifty,male
Steady,married,twentyone_to_thirty,kids_to_fifth,to_fifty,male
Reliable,married,twentyone_to_thirty,kids_to_fifth,to_fifty,male
Reliable,married,twentyone_to_thirty,kids_to_fifth,to_fifty,male
Reliable,married,twentyone_to_thirty,kids_to_fifth,to_fifty,male
Reliable,married,twentyone_to_thirty,kids_to_fifth,to_fifty,male
Reliable,married,twentyone_to_thirty,kids_to_fifth,to_fifty,male
Tentative,married,twentyone_to_thirty,kids_to_fifth,to_fifty,male
Tentative,married,twentyone_to_thirty,kids_to_fifth,to_fifty,male
Tentative,married,twentyone_to_thirty,kids_to_fifth,to_fifty,male
Tentative,married,twentyone_to_thirty,kids_to_fifth,to_fifty,male
Strong,married,twentyone_to_thirty,kids_to_fifth,to_fifty,male
Strong,married,twentyone_to_thirty,kids_to_fifth,to_fifty,male
Strong,married,twentyone_to_thirty,kids_to_fifth,to_fifty,male
Strong,married,twentyone_to_thirty,kids_to_fifth,to_fifty,male
Strong,married,twentyone_to_thirty,kids_to_fifth,to_fifty,male
Strong,married,twentyone_to_thirty,kids_to_fifth,to_fifty,male
Strong,married,twentyone_to_thirty,kids_to_fifth,to_fifty,male
Strong,married,twentyone_to_thirty,kids_to_fifth,to_fifty,male
Estranged,married,twentyone_to_thirty,kids_to_fifth,to_fifty,male
Estranged,married,twentyone_to_thirty,kids_to_fifth,to_fifty,male
Thriving,married,twentyone_to_thirty,kids_to_fifth,to_fifty,male
Thriving,married,twentyone_to_thirty,kids_to_fifth,to_fifty,male
Shallow,married,twentyone_to_thirty,kids_to_fifth,to_fifty,male
Shallow,married,twentyone_to_thirty,kids_to_fifth,to_fifty,male
Shallow,married,twentyone_to_thirty,kids_to_fifth,to_fifty,male
Tentative,married,twentyone_to_thirty,kids_to_twelfth,to_fifty,male
Detached,married,twentyone_to_thirty,kids_to_twelfth,to_fifty,male
Detached,married,twentyone_to_thirty,kids_to_twelfth,to_fifty,male
Detached,married,twentyone_to_thirty,kids_to_twelfth,to_fifty,male
Detached,married,twentyone_to_thirty,kids_to_twelfth,to_fifty,male
Frayed,married,twentyone_to_thirty,kids_to_twelfth,to_fifty,male
Frayed,married,twentyone_to_thirty,kids_to_twelfth,to_fifty,male
Frayed,married,twentyone_to_thirty,kids_to_twelfth,to_fifty,male
Frayed,married,twentyone_to_thirty,kids_to_twelfth,to_fifty,male
Frayed,married,twentyone_to_thirty,kids_to_twelfth,to_fifty,male
Fickle,married,twentyone_to_thirty,kids_to_twelfth,to_fifty,male
Strong,married,twentyone_to_thirty,kids_to_twelfth,to_fifty,female
Strong,married,twentyone_to_thirty,kids_to_twelfth,to_fifty,female
Strong,married,twentyone_to_thirty,kids_to_twelfth,to_fifty,female
Strong,married,twentyone_to_thirty,kids_to_twelfth,to_fifty,female
Strong,married,twentyone_to_thirty,kids_to_twelfth,to_fifty,female
Strong,married,twentyone_to_thirty,kids_to_twelfth,to_fifty,female
Strong,married,twentyone_to_thirty,kids_to_twelfth,to_fifty,female
Strong,married,twentyone_to_thirty,kids_to_twelfth,to_fifty,female
Strong,married,twentyone_to_thirty,kids_to_twelfth,to_fifty,female
Strong,married,twentyone_to_thirty,kids_to_twelfth,to_fifty,female
Strong,married,twentyone_to_thirty,kids_to_twelfth,to_fifty,female
Strong,married,twentyone_to_thirty,kids_to_twelfth,to_fifty,female
Strong,married,twentyone_to_thirty,kids_to_twelfth,to_fifty,female
Strong,married,twentyone_to_thirty,kids_to_twelfth,to_fifty,female
Strong,married,twentyone_to_thirty,kids_to_twelfth,to_fifty,female
Strong,married,twentyone_to_thirty,kids_to_twelfth,to_fifty,female
Strong,married,twentyone_to_thirty,kids_to_twelfth,to_fifty,female
Strong,married,twentyone_to_thirty,kids_to_twelfth,to_fifty,female
Strong,married,twentyone_to_thirty,kids_to_twelfth,to_fifty,female
Strong,married,twentyone_to_thirty,kids_to_twelfth,to_fifty,female
Strong,married,twentyone_to_thirty,kids_to_twelfth,to_fifty,female
Strong,married,twentyone_to_thirty,kids_to_twelfth,to_fifty,female
Strong,married,twentyone_to_thirty,kids_to_twelfth,to_fifty,female
Strong,married,twentyone_to_thirty,kids_to_twelfth,to_fifty,female
Strong,married,twentyone_to_thirty,kids_to_twelfth,to_fifty,female
Strong,married,twentyone_to_thirty,kids_to_twelfth,to_fifty,female
Strong,married,twentyone_to_thirty,kids_to_twelfth,to_fifty,female
Strong,married,twentyone_to_thirty,kids_to_twelfth,to_fifty,female
Strong,married,twentyone_to_thirty,kids_to_twelfth,to_fifty,female
Broken,married,twentyone_to_thirty,kids_to_twelfth,to_fifty,female
Broken,married,twentyone_to_thirty,kids_to_twelfth,to_fifty,female
Broken,married,twentyone_to_thirty,kids_to_twelfth,to_fifty,female
Broken,married,twentyone_to_thirty,kids_to_twelfth,to_fifty,female
Broken,married,twentyone_to_thirty,kids_to_twelfth,to_fifty,male
Broken,married,twentyone_to_thirty,kids_to_twelfth,to_fifty,male
Broken,married,twentyone_to_thirty,kids_to_twelfth,to_fifty,male
Estranged,married,twentyone_to_thirty,kids_to_twelfth,to_fifty,male
Estranged,married,twentyone_to_thirty,kids_to_twelfth,to_fifty,male
Estranged,married,twentyone_to_thirty,kids_to_twelfth,to_fifty,male
Estranged,married,twentyone_to_thirty,kids_to_twelfth,to_fifty,male
Estranged,married,twentyone_to_thirty,kids_to_twelfth,to_fifty,male
Thriving,married,twentyone_to_thirty,kids_to_twelfth,to_fifty,male
Thriving,married,twentyone_to_thirty,kids_to_twelfth,to_fifty,male
Thriving,married,twentyone_to_thirty,kids_to_twelfth,to_fifty,male
Thriving,married,twentyone_to_thirty,kids_to_twelfth,to_fifty,male
Thriving,married,twentyone_to_thirty,kids_to_twelfth,to_fifty,male
Thriving,married,twentyone_to_thirty,kids_to_twelfth,to_fifty,male
Thriving,married,twentyone_to_thirty,kids_to_twelfth,to_fifty,male
Shallow,married,twentyone_to_thirty,kids_to_twelfth,to_fifty,male
Shallow,married,twentyone_to_thirty,kids_to_twelfth,to_fifty,male
Strong,married,twentyone_to_thirty,kids_under_five,to_fifty,male
Strong,married,twentyone_to_thirty,kids_under_five,to_fifty,male
Thriving,married,twentyone_to_thirty,kids_under_five,to_fifty,male
Thriving,married,twentyone_to_thirty,kids_under_five,to_fifty,male
Thriving,married,twentyone_to_thirty,kids_under_five,to_fifty,male
Thriving,married,twentyone_to_thirty,kids_under_five,to_fifty,male
Thriving,married,twentyone_to_thirty,kids_under_five,to_fifty,male
Thriving,married,twentyone_to_thirty,kids_under_five,to_fifty,male
Steady,married,under_two,adult_children,to_fifty,male
Strong,married,under_two,kids_none,to_thirty,male
Strong,married,under_two,kids_none,to_thirty,male
Strong,married,under_two,kids_none,to_thirty,male
Strong,married,under_two,kids_none,to_thirty,male
Estranged,married,under_two,kids_none,to_thirty,female
Estranged,married,under_two,kids_none,to_thirty,female
Estranged,married,under_two,kids_none,to_thirty,female
Thriving,married,under_two,kids_none,to_thirty,female
Thriving,married,under_two,kids_none,to_thirty,female
Thriving,married,under_two,kids_none,to_thirty,female
Thriving,married,under_two,kids_none,to_thirty,female
Thriving,married,under_two,kids_none,to_thirty,female
Thriving,married,under_two,kids_none,to_thirty,female
Thriving,married,under_two,kids_none,to_thirty,female
Thriving,married,under_two,kids_none,to_thirty,female
Thriving,married,under_two,kids_none,to_thirty,female
Shallow,married,under_two,kids_none,to_thirty,female
Shallow,married,under_two,kids_none,to_thirty,female
Shallow,married,under_two,kids_none,to_thirty,female
Reliable,married,under_two,kids_none,to_twentyfour,female
Reliable,married,under_two,kids_none,to_twentyfour,female
Hopeful,married,under_two,kids_none,to_twentyfour,female
Hopeful,married,under_two,kids_none,to_twentyfour,female
Hopeful,married,under_two,kids_none,to_twentyfour,female
Hopeful,married,under_two,kids_none,to_twentyfour,female
Hopeful,married,under_two,kids_none,to_twentyfour,female
Fickle,married,under_two,kids_none,to_twentyfour,female
Fickle,married,under_two,kids_none,to_twentyfour,male
Fickle,married,under_two,kids_none,to_twentyfour,male
Fickle,married,under_two,kids_none,to_twentyfour,male
Thriving,married,under_two,kids_none,to_twentyfour,male
Thriving,married,under_two,kids_none,to_twentyfour,male
Thriving,married,under_two,kids_none,to_twentyfour,male
Thriving,married,under_two,kids_none,to_twentyfour,male
Thriving,married,under_two,kids_none,to_twentyfour,male
Thriving,married,under_two,kids_none,to_twentyfour,male
Thriving,married,under_two,kids_none,to_twentyfour,male
Thriving,married,under_two,kids_none,to_twentyfour,male
Thriving,married,under_two,kids_none,to_twentyfour,male
Steady,married,under_two,kids_none,under_eighteen,male
Steady,married,under_two,kids_none,under_eighteen,male
Steady,married,under_two,kids_none,under_eighteen,male
Steady,married,under_two,kids_none,under_eighteen,male
Steady,married,under_two,kids_none,under_eighteen,male
Strong,married,under_two,kids_under_five,to_forty,male
Strong,married,under_two,kids_under_five,to_forty,male
Strong,married,under_two,kids_under_five,to_forty,male
Shallow,married,under_two,kids_under_five,to_forty,male
Shallow,married,under_two,kids_under_five,to_forty,male
Shallow,married,under_two,kids_under_five,to_forty,male
Shallow,married,under_two,kids_under_five,to_forty,male
Hopeful,married,under_two,kids_under_five,to_thirty,male
Hopeful,married,under_two,kids_under_five,to_thirty,male
Hopeful,married,under_two,kids_under_five,to_thirty,male
Hopeful,married,under_two,kids_under_five,to_thirty,male
Hopeful,married,under_two,kids_under_five,to_thirty,male
Hopeful,married,under_two,kids_under_five,to_thirty,male
Hopeful,married,under_two,kids_under_five,to_thirty,male
Hopeful,married,under_two,kids_under_five,to_thirty,male
Hopeful,married,under_two,kids_under_five,to_thirty,male
Fickle,married,under_two,kids_under_five,to_thirty,male
Fickle,married,under_two,kids_under_five,to_thirty,male
Fickle,married,under_two,kids_under_five,to_thirty,female
Fickle,married,under_two,kids_under_five,to_thirty,female
Strong,married,under_two,kids_under_five,to_thirty,female
Strong,married,under_two,kids_under_five,to_thirty,female
Estranged,married,under_two,kids_under_five,to_thirty,female
Estranged,married,under_two,kids_under_five,to_thirty,female
Estranged,married,under_two,kids_under_five,to_thirty,female
Estranged,married,under_two,kids_under_five,to_thirty,female
Estranged,married,under_two,kids_under_five,to_thirty,female
Estranged,married,under_two,kids_under_five,to_thirty,female
Thriving,married,under_two,kids_under_five,to_thirty,female
Thriving,married,under_two,kids_under_five,to_thirty,female
Thriving,married,under_two,kids_under_five,to_thirty,female
Shallow,married,under_two,kids_under_five,to_thirty,female
Shallow,married,under_two,kids_under_five,to_thirty,female
Reliable,married,under_two,kids_under_five,to_twentyfour,female
Reliable,married,under_two,kids_under_five,to_twentyfour,female
Tentative,married,under_two,kids_under_five,to_twentyfour,female
Tentative,married,under_two,kids_under_five,to_twentyfour,female
Strong,married,under_two,kids_under_five,to_twentyfour,female
Strong,married,under_two,kids_under_five,to_twentyfour,female
Strong,married,under_two,kids_under_five,to_twentyfour,female
Strong,married,under_two,kids_under_five,to_twentyfour,female
Strong,married,under_two,kids_under_five,to_twentyfour,female
Strong,married,under_two,kids_under_five,to_twentyfour,female
Strong,married,under_two,kids_under_five,to_twentyfour,female
Strong,married,under_two,kids_under_five,to_twentyfour,female
Strong,married,under_two,kids_under_five,to_twentyfour,female
Strong,married,under_two,kids_under_five,to_twentyfour,female
Strong,married,under_two,kids_under_five,to_twentyfour,female
Estranged,married,under_two,kids_under_five,to_twentyfour,male
Estranged,married,under_two,kids_under_five,to_twentyfour,male
Reliable,married,under_two,kids_under_five,under_eighteen,male
Reliable,married,under_two,kids_under_five,under_eighteen,male
Reliable,married,under_two,kids_under_five,under_eighteen,male
Reliable,married,under_two,kids_under_five,under_eighteen,male
Reliable,married,under_two,kids_under_five,under_eighteen,male
Reliable,married,under_two,kids_under_five,under_eighteen,male
Tentative,married,under_two,kids_under_five,under_eighteen,male
Hopeful,married,under_two,kids_under_five,under_eighteen,male
Stuck,remarried,eleven_to_twenty,adult_children,to_fifty,male
Fickle,remarried,eleven_to_twenty,adult_children,to_fifty,male
Strong,remarried,eleven_to_twenty,adult_children,to_fifty,male
Steady,remarried,eleven_to_twenty,kids_none,to_fifty,male
Steady,remarried,eleven_to_twenty,kids_none,to_forty,male
Steady,remarried,eleven_to_twenty,kids_none,to_forty,male
Steady,remarried,eleven_to_twenty,kids_none,to_forty,male
Stuck,remarried,eleven_to_twenty,kids_none,to_forty,male
Strong,remarried,eleven_to_twenty,kids_none,to_forty,male
Strong,remarried,eleven_to_twenty,kids_none,to_forty,male
Broken,remarried,eleven_to_twenty,kids_none,to_forty,male
Broken,remarried,eleven_to_twenty,kids_none,to_forty,male
Broken,remarried,eleven_to_twenty,kids_none,to_forty,male
Reliable,remarried,eleven_to_twenty,kids_none,to_thirty,male
Reliable,remarried,eleven_to_twenty,kids_none,to_thirty,male
Hopeful,remarried,eleven_to_twenty,kids_none,to_thirty,male
Hopeful,remarried,eleven_to_twenty,kids_none,to_thirty,male
Hopeful,remarried,eleven_to_twenty,kids_none,to_thirty,male
Hopeful,remarried,eleven_to_twenty,kids_none,to_thirty,male
Hopeful,remarried,eleven_to_twenty,kids_none,to_thirty,male
Hopeful,remarried,eleven_to_twenty,kids_none,to_thirty,male
Hopeful,remarried,eleven_to_twenty,kids_none,to_thirty,male
Hopeful,remarried,eleven_to_twenty,kids_none,to_thirty,male
Stuck,remarried,eleven_to_twenty,kids_none,to_thirty,male
Estranged,remarried,eleven_to_twenty,kids_to_fifth,to_forty,male
Reliable,remarried,eleven_to_twenty,kids_to_fifth,to_thirty,male
Reliable,remarried,eleven_to_twenty,kids_to_fifth,to_thirty,male
Reliable,remarried,eleven_to_twenty,kids_to_fifth,to_thirty,male
Reliable,remarried,eleven_to_twenty,kids_to_fifth,to_thirty,male
Reliable,remarried,eleven_to_twenty,kids_to_fifth,to_thirty,male
Reliable,remarried,eleven_to_twenty,kids_to_fifth,to_thirty,male
Hopeful,remarried,eleven_to_twenty,kids_to_fifth,to_thirty,male
Stuck,remarried,eleven_to_twenty,kids_to_fifth,to_thirty,male
Stuck,remarried,eleven_to_twenty,kids_to_fifth,to_thirty,male
Estranged,remarried,eleven_to_twenty,kids_to_fifth,to_thirty,male
Estranged,remarried,eleven_to_twenty,kids_to_fifth,to_thirty,male
Hopeful,remarried,eleven_to_twenty,kids_to_twelfth,to_forty,male
Hopeful,remarried,eleven_to_twenty,kids_to_twelfth,to_forty,male
Fickle,remarried,eleven_to_twenty,kids_to_twelfth,to_forty,female
Fickle,remarried,eleven_to_twenty,kids_to_twelfth,to_forty,female
Steady,remarried,eleven_to_twenty,kids_under_five,to_forty,female
Reliable,remarried,eleven_to_twenty,kids_under_five,to_forty,female
Reliable,remarried,eleven_to_twenty,kids_under_five,to_forty,female
Reliable,remarried,eleven_to_twenty,kids_under_five,to_forty,female
Reliable,remarried,eleven_to_twenty,kids_under_five,to_forty,female
Reliable,remarried,over_thirty,adult_children,to_fifty,female
Reliable,remarried,over_thirty,adult_children,to_fifty,female
Tentative,remarried,over_thirty,adult_children,to_fifty,female
Tentative,remarried,over_thirty,adult_children,to_fifty,female
Tentative,remarried,over_thirty,adult_children,to_fifty,female
Reliable,remarried,over_thirty,kids_none,to_fifty,female
Reliable,remarried,over_thirty,kids_none,to_fifty,female
Detached,remarried,over_thirty,kids_none,to_fifty,female
Detached,remarried,over_thirty,kids_none,to_fifty,female
Detached,remarried,over_thirty,kids_none,to_fifty,female
Detached,remarried,over_thirty,kids_none,to_fifty,female
Hopeful,remarried,over_thirty,kids_none,to_fifty,female
Hopeful,remarried,over_thirty,kids_none,to_fifty,female
Hopeful,remarried,over_thirty,kids_none,to_fifty,female
Hopeful,remarried,over_thirty,kids_none,to_fifty,female
Fickle,remarried,over_thirty,kids_none,to_fifty,female
Fickle,remarried,over_thirty,kids_none,to_fifty,female
Fickle,remarried,over_thirty,kids_none,to_fifty,female
Strong,remarried,over_thirty,kids_none,to_fifty,female
Strong,remarried,over_thirty,kids_none,to_fifty,female
Strong,remarried,over_thirty,kids_none,to_fifty,male
Strong,remarried,over_thirty,kids_none,to_fifty,male
Broken,remarried,over_thirty,kids_none,to_seventy,male
Shallow,remarried,over_thirty,kids_none,to_seventy,male
Shallow,remarried,over_thirty,kids_none,to_seventy,male
Strong,remarried,over_thirty,kids_none,to_sixty,male
Strong,remarried,over_thirty,kids_none,to_sixty,male
Strong,remarried,over_thirty,kids_none,to_sixty,male
Strong,remarried,over_thirty,kids_none,to_sixty,male
Strong,remarried,over_thirty,kids_none,to_sixty,male
Strong,remarried,over_thirty,kids_none,to_sixty,male
Strong,remarried,over_thirty,kids_none,to_sixty,male
Strong,remarried,over_thirty,kids_none,to_sixty,male
Strong,remarried,over_thirty,kids_none,to_sixty,male
Strong,remarried,over_thirty,kids_none,to_sixty,male
Broken,remarried,over_thirty,kids_none,to_sixty,male
Broken,remarried,over_thirty,kids_none,to_sixty,male
Steady,remarried,over_thirty,kids_to_fifth,to_fifty,male
Steady,remarried,over_thirty,kids_to_fifth,to_fifty,male
Reliable,remarried,over_thirty,kids_to_fifth,to_fifty,male
Reliable,remarried,over_thirty,kids_to_fifth,to_fifty,male
Hopeful,remarried,over_thirty,kids_to_fifth,to_fifty,male
Hopeful,remarried,over_thirty,kids_to_fifth,to_fifty,male
Hopeful,remarried,over_thirty,kids_to_fifth,to_fifty,male
Fickle,remarried,over_thirty,kids_to_fifth,to_fifty,male
Fickle,remarried,over_thirty,kids_to_fifth,to_fifty,male
Fickle,remarried,over_thirty,kids_to_fifth,to_fifty,male
Reliable,remarried,over_thirty,kids_to_twelfth,to_fifty,male
Reliable,remarried,over_thirty,kids_to_twelfth,to_fifty,male
Reliable,remarried,over_thirty,kids_to_twelfth,to_fifty,male
Reliable,remarried,over_thirty,kids_to_twelfth,to_fifty,male
Reliable,remarried,over_thirty,kids_to_twelfth,to_fifty,male
Tentative,remarried,over_thirty,kids_to_twelfth,to_fifty,male
Tentative,remarried,over_thirty,kids_to_twelfth,to_fifty,male
Tentative,remarried,over_thirty,kids_to_twelfth,to_fifty,male
Tentative,remarried,over_thirty,kids_to_twelfth,to_fifty,male
Detached,remarried,over_thirty,kids_to_twelfth,to_fifty,male
Detached,remarried,over_thirty,kids_to_twelfth,to_fifty,male
Detached,remarried,over_thirty,kids_to_twelfth,to_fifty,male
Detached,remarried,over_thirty,kids_to_twelfth,to_fifty,male
Detached,remarried,over_thirty,kids_to_twelfth,to_fifty,male
Detached,remarried,over_thirty,kids_to_twelfth,to_fifty,male
Detached,remarried,over_thirty,kids_to_twelfth,to_fifty,male
Detached,remarried,over_thirty,kids_to_twelfth,to_fifty,male
Detached,remarried,over_thirty,kids_to_twelfth,to_fifty,male
Hopeful,remarried,over_thirty,kids_to_twelfth,to_fifty,male
Hopeful,remarried,over_thirty,kids_to_twelfth,to_fifty,male
Hopeful,remarried,over_thirty,kids_to_twelfth,to_fifty,male
Hopeful,remarried,over_thirty,kids_to_twelfth,to_fifty,male
Hopeful,remarried,over_thirty,kids_to_twelfth,to_fifty,male
Hopeful,remarried,over_thirty,kids_to_twelfth,to_fifty,male
Hopeful,remarried,over_thirty,kids_to_twelfth,to_fifty,male
Hopeful,remarried,over_thirty,kids_to_twelfth,to_fifty,male
Fickle,remarried,over_thirty,kids_to_twelfth,to_fifty,male
Fickle,remarried,over_thirty,kids_to_twelfth,to_fifty,female
Broken,remarried,over_thirty,kids_to_twelfth,to_fifty,female
Broken,remarried,over_thirty,kids_to_twelfth,to_fifty,female
Broken,remarried,over_thirty,kids_to_twelfth,to_fifty,female
Thriving,remarried,over_thirty,kids_to_twelfth,to_fifty,female
Thriving,remarried,over_thirty,kids_to_twelfth,to_fifty,female
Thriving,remarried,over_thirty,kids_to_twelfth,to_fifty,female
Thriving,remarried,over_thirty,kids_to_twelfth,to_fifty,female
Thriving,remarried,over_thirty,kids_under_five,to_fifty,female
Thriving,remarried,over_thirty,kids_under_five,to_fifty,female
Thriving,remarried,over_thirty,kids_under_five,to_fifty,female
Hopeful,remarried,six_to_ten,kids_none,to_twentyfour,female
Stuck,remarried,six_to_ten,kids_none,to_twentyfour,female
Frayed,remarried,six_to_ten,kids_none,to_twentyfour,female
Broken,remarried,six_to_ten,kids_none,to_twentyfour,female
Shallow,remarried,six_to_ten,kids_none,to_twentyfour,female
Hopeful,remarried,six_to_ten,kids_to_fifth,to_thirty,female
Hopeful,remarried,six_to_ten,kids_to_fifth,to_thirty,female
Hopeful,remarried,six_to_ten,kids_to_fifth,to_thirty,female
Fickle,remarried,six_to_ten,kids_to_fifth,to_thirty,female
Fickle,remarried,six_to_ten,kids_to_fifth,to_thirty,female
Broken,remarried,six_to_ten,kids_to_fifth,to_thirty,female
Broken,remarried,six_to_ten,kids_to_fifth,to_thirty,female
Reliable,remarried,six_to_ten,kids_to_fifth,to_twentyfour,female
Reliable,remarried,six_to_ten,kids_to_fifth,to_twentyfour,female
Hopeful,remarried,six_to_ten,kids_to_fifth,to_twentyfour,female
Hopeful,remarried,six_to_ten,kids_to_fifth,to_twentyfour,female
Hopeful,remarried,six_to_ten,kids_to_fifth,to_twentyfour,female
Hopeful,remarried,six_to_ten,kids_to_fifth,to_twentyfour,female
Shallow,remarried,six_to_ten,kids_under_five,to_fifty,female
Shallow,remarried,six_to_ten,kids_under_five,to_fifty,female
Steady,remarried,six_to_ten,kids_under_five,to_forty,female
Steady,remarried,six_to_ten,kids_under_five,to_forty,female
Estranged,remarried,six_to_ten,kids_under_five,to_forty,female
Steady,remarried,six_to_ten,kids_under_five,to_thirty,male
Hopeful,remarried,three_to_five,kids_none,to_fifty,male
Stuck,remarried,three_to_five,kids_none,to_thirty,male
Reliable,remarried,three_to_five,kids_to_fifth,to_forty,male
Reliable,remarried,three_to_five,kids_to_fifth,to_forty,male
Reliable,remarried,three_to_five,kids_to_fifth,to_forty,male
Tentative,remarried,three_to_five,kids_to_fifth,to_forty,male
Broken,remarried,three_to_five,kids_to_fifth,to_forty,male
Reliable,remarried,three_to_five,kids_to_fifth,to_thirty,male
Reliable,remarried,three_to_five,kids_to_fifth,to_thirty,male
Reliable,remarried,three_to_five,kids_to_fifth,to_thirty,male
Reliable,remarried,three_to_five,kids_to_fifth,to_thirty,male
Tentative,remarried,three_to_five,kids_to_twelfth,to_fifty,male
Tentative,remarried,three_to_five,kids_to_twelfth,to_fifty,male
Tentative,remarried,three_to_five,kids_to_twelfth,to_forty,male
Steady,remarried,three_to_five,kids_under_five,to_fifty,male
Strong,remarried,three_to_five,kids_under_five,to_fifty,male
Shallow,remarried,three_to_five,kids_under_five,to_thirty,male
Shallow,remarried,three_to_five,kids_under_five,to_thirty,male
Shallow,remarried,three_to_five,kids_under_five,to_thirty,male
Shallow,remarried,three_to_five,kids_under_five,to_thirty,male
Hopeful,remarried,twentyone_to_thirty,adult_children,to_fifty,male
Hopeful,remarried,twentyone_to_thirty,adult_children,to_fifty,male
Hopeful,remarried,twentyone_to_thirty,adult_children,to_fifty,male
Stuck,remarried,twentyone_to_thirty,adult_children,to_fifty,male
Stuck,remarried,twentyone_to_thirty,adult_children,to_fifty,male
Stuck,remarried,twentyone_to_thirty,adult_children,to_fifty,male
Strong,remarried,twentyone_to_thirty,adult_children,to_fifty,male
Strong,remarried,twentyone_to_thirty,adult_children,to_fifty,male
Strong,remarried,twentyone_to_thirty,adult_children,to_fifty,male
Estranged,remarried,twentyone_to_thirty,adult_children,to_fifty,male
Estranged,remarried,twentyone_to_thirty,adult_children,to_sixty,male
Estranged,remarried,twentyone_to_thirty,adult_children,to_sixty,male
Hopeful,remarried,twentyone_to_thirty,kids_none,to_fifty,male
Fickle,remarried,twentyone_to_thirty,kids_none,to_fifty,male
Fickle,remarried,twentyone_to_thirty,kids_none,to_fifty,male
Fickle,remarried,twentyone_to_thirty,kids_none,to_fifty,male
Fickle,remarried,twentyone_to_thirty,kids_none,to_fifty,male
Fickle,remarried,twentyone_to_thirty,kids_none,to_fifty,male
Fickle,remarried,twentyone_to_thirty,kids_none,to_fifty,male
Fickle,remarried,twentyone_to_thirty,kids_none,to_fifty,male
Strong,remarried,twentyone_to_thirty,kids_none,to_fifty,male
Strong,remarried,twentyone_to_thirty,kids_none,to_fifty,male
Strong,remarried,twentyone_to_thirty,kids_none,to_fifty,male
Strong,remarried,twentyone_to_thirty,kids_none,to_fifty,male
Strong,remarried,twentyone_to_thirty,kids_none,to_fifty,male
Strong,remarried,twentyone_to_thirty,kids_none,to_fifty,male
Strong,remarried,twentyone_to_thirty,kids_none,to_fifty,male
Strong,remarried,twentyone_to_thirty,kids_none,to_fifty,male
Strong,remarried,twentyone_to_thirty,kids_none,to_fifty,male
Strong,remarried,twentyone_to_thirty,kids_none,to_fifty,male
Strong,remarried,twentyone_to_thirty,kids_none,to_fifty,male
Strong,remarried,twentyone_to_thirty,kids_none,to_fifty,male
Hopeful,remarried,twentyone_to_thirty,kids_none,to_seventy,male
Hopeful,remarried,twentyone_to_thirty,kids_none,to_seventy,male
Hopeful,remarried,twentyone_to_thirty,kids_none,to_seventy,male
Steady,remarried,twentyone_to_thirty,kids_none,to_sixty,male
Reliable,remarried,twentyone_to_thirty,kids_none,to_sixty,male
Reliable,remarried,twentyone_to_thirty,kids_none,to_sixty,male
Reliable,remarried,twentyone_to_thirty,kids_none,to_sixty,male
Reliable,remarried,twentyone_to_thirty,kids_none,to_sixty,male
Reliable,remarried,twentyone_to_thirty,kids_none,to_sixty,male
Reliable,remarried,twentyone_to_thirty,kids_none,to_sixty,male
Reliable,remarried,twentyone_to_thirty,kids_none,to_sixty,male
Reliable,remarried,twentyone_to_thirty,kids_none,to_sixty,female
Reliable,remarried,twentyone_to_thirty,kids_none,to_sixty,female
Tentative,remarried,twentyone_to_thirty,kids_none,to_sixty,female
Tentative,remarried,twentyone_to_thirty,kids_none,to_sixty,female
Tentative,remarried,twentyone_to_thirty,kids_none,to_sixty,female
Tentative,remarried,twentyone_to_thirty,kids_none,to_sixty,female
Tentative,remarried,twentyone_to_thirty,kids_none,to_sixty,female
Tentative,remarried,twentyone_to_thirty,kids_none,to_sixty,female
Hopeful,remarried,twentyone_to_thirty,kids_none,to_sixty,female
Steady,remarried,twentyone_to_thirty,kids_to_fifth,to_fifty,female
Hopeful,remarried,twentyone_to_thirty,kids_to_fifth,to_fifty,female
Estranged,remarried,twentyone_to_thirty,kids_to_fifth,to_fifty,female
Estranged,remarried,twentyone_to_thirty,kids_to_fifth,to_fifty,female
Steady,remarried,twentyone_to_thirty,kids_to_twelfth,to_fifty,female
Steady,remarried,twentyone_to_thirty,kids_to_twelfth,to_fifty,female
Steady,remarried,twentyone_to_thirty,kids_to_twelfth,to_fifty,female
Hopeful,remarried,twentyone_to_thirty,kids_to_twelfth,to_fifty,female
Stuck,remarried,twentyone_to_thirty,kids_to_twelfth,to_fifty,female
Stuck,remarried,twentyone_to_thirty,kids_to_twelfth,to_fifty,female
Stuck,remarried,twentyone_to_thirty,kids_to_twelfth,to_fifty,female
Stuck,remarried,twentyone_to_thirty,kids_to_twelfth,to_fifty,female
Stuck,remarried,twentyone_to_thirty,kids_to_twelfth,to_fifty,female
Fickle,remarried,twentyone_to_thirty,kids_to_twelfth,to_fifty,female
Fickle,remarried,twentyone_to_thirty,kids_to_twelfth,to_fifty,female
Strong,remarried,twentyone_to_thirty,kids_to_twelfth,to_fifty,female
Strong,remarried,twentyone_to_thirty,kids_to_twelfth,to_fifty,female
Strong,remarried,twentyone_to_thirty,kids_to_twelfth,to_fifty,female
Strong,remarried,twentyone_to_thirty,kids_to_twelfth,to_fifty,female
Strong,remarried,twentyone_to_thirty,kids_to_twelfth,to_fifty,female
Strong,remarried,twentyone_to_thirty,kids_to_twelfth,to_fifty,female
Strong,remarried,twentyone_to_thirty,kids_to_twelfth,to_fifty,female
Shallow,remarried,under_two,kids_none,to_forty,female
Strong,remarried,under_two,kids_none,to_thirty,female
Broken,remarried,under_two,kids_none,to_thirty,female
Broken,remarried,under_two,kids_none,to_thirty,male
Broken,remarried,under_two,kids_none,to_thirty,male
Broken,remarried,under_two,kids_none,to_thirty,male
Broken,remarried,under_two,kids_none,to_thirty,male
Broken,remarried,under_two,kids_none,to_thirty,male
Broken,remarried,under_two,kids_none,to_thirty,male
Broken,remarried,under_two,kids_none,to_thirty,male
Estranged,remarried,under_two,kids_none,to_thirty,male
Estranged,remarried,under_two,kids_none,to_thirty,male
Thriving,remarried,under_two,kids_none,to_thirty,male
Thriving,remarried,under_two,kids_none,to_thirty,male
Shallow,remarried,under_two,kids_none,to_thirty,male
Hopeful,remarried,under_two,kids_none,to_twentyfour,male
Hopeful,remarried,under_two,kids_none,to_twentyfour,male
Hopeful,remarried,under_two,kids_none,to_twentyfour,male
Hopeful,remarried,under_two,kids_none,to_twentyfour,male
Frayed,remarried,under_two,kids_none,to_twentyfour,male
Frayed,remarried,under_two,kids_none,to_twentyfour,male
Frayed,remarried,under_two,kids_none,to_twentyfour,male
Frayed,remarried,under_two,kids_none,to_twentyfour,male
Frayed,remarried,under_two,kids_none,to_twentyfour,male
Frayed,remarried,under_two,kids_none,to_twentyfour,male
Frayed,remarried,under_two,kids_none,to_twentyfour,male
Strong,remarried,under_two,kids_none,to_twentyfour,male
Shallow,remarried,under_two,kids_none,to_twentyfour,male
Shallow,remarried,under_two,kids_none,to_twentyfour,male
Steady,remarried,under_two,kids_none,under_eighteen,male
Steady,remarried,under_two,kids_none,under_eighteen,male
Steady,remarried,under_two,kids_none,under_eighteen,male
Steady,remarried,under_two,kids_none,under_eighteen,male
Steady,remarried,under_two,kids_to_fifth,to_forty,female
Steady,remarried,under_two,kids_to_fifth,to_forty,female
Steady,remarried,under_two,kids_to_fifth,to_thirty,female
Steady,remarried,under_two,kids_to_twelfth,to_forty,female
Steady,remarried,under_two,kids_to_twelfth,to_forty,female
Steady,remarried,under_two,kids_under_five,to_forty,female
Thriving,remarried,under_two,kids_under_five,to_forty,female
Thriving,remarried,under_two,kids_under_five,to_forty,female
Shallow,remarried,under_two,kids_under_five,to_forty,female
Shallow,remarried,under_two,kids_under_five,to_forty,female
Tentative,remarried,under_two,kids_under_five,to_thirty,female
Tentative,remarried,under_two,kids_under_five,to_thirty,female
Tentative,remarried,under_two,kids_under_five,to_thirty,female
Frayed,remarried,under_two,kids_under_five,to_thirty,female
Frayed,remarried,under_two,kids_under_five,to_thirty,female
Estranged,remarried,under_two,kids_under_five,to_thirty,female
Thriving,remarried,under_two,kids_under_five,to_thirty,female
Thriving,remarried,under_two,kids_under_five,to_thirty,female
Thriving,remarried,under_two,kids_under_five,to_thirty,female
Shallow,remarried,under_two,kids_under_five,to_twentyfour,female
Shallow,remarried,under_two,kids_under_five,to_twentyfour,female
Steady,remarried,under_two,kids_under_five,under_eighteen,female
Tentative,remarried,under_two,kids_under_five,under_eighteen,female