status,length,kids,age,gender,connection,commitment,score
engaged,six_to_ten,kids_none,to_forty,female,0,0,Broken
engaged,twentyone_to_thirty,kids_none,to_fifty,male,0,0,Broken
married,six_to_ten,kids_under_five,to_thirty,male,0,0,Broken
married,twentyone_to_thirty,kids_to_twelfth,to_fifty,male,0,0,Broken
remarried,under_two,kids_none,to_thirty,male,0,0,Broken
remarried,under_two,kids_none,to_twentyfour,male,0,0,Broken
dating,eleven_to_twenty,kids_to_fifth,to_fifty,male,0,1,Broken
dating,under_two,kids_under_five,under_eighteen,female,0,1,Broken
married,eleven_to_twenty,adult_children,to_fifty,male,0,1,Broken
married,eleven_to_twenty,kids_to_fifth,to_forty,female,0,1,Broken
married,over_thirty,kids_none,to_fifty,female,0,1,Broken
married,over_thirty,kids_none,to_fifty,male,0,1,Broken
married,over_thirty,kids_to_twelfth,to_fifty,female,0,1,Broken
married,three_to_five,kids_none,to_forty,female,0,1,Broken
married,twentyone_to_thirty,kids_to_twelfth,to_fifty,female,0,1,Broken
remarried,over_thirty,kids_none,to_fifty,female,0,1,Broken
remarried,twentyone_to_thirty,kids_none,to_fifty,male,0,1,Broken
remarried,twentyone_to_thirty,kids_to_twelfth,to_fifty,female,0,1,Broken
remarried,twentyone_to_thirty,kids_to_twelfth,to_fifty,female,0,1,Broken
engaged,over_thirty,kids_to_twelfth,to_fifty,female,0,2,Broken
living_together,twentyone_to_thirty,kids_none,to_fifty,male,0,2,Broken
married,over_thirty,kids_to_twelfth,to_fifty,female,0,2,Broken
married,three_to_five,kids_to_fifth,to_thirty,female,0,2,Broken
married,twentyone_to_thirty,adult_children,to_seventy,male,0,2,Broken
remarried,eleven_to_twenty,kids_under_five,to_forty,female,0,2,Broken
remarried,over_thirty,kids_to_twelfth,to_fifty,male,0,2,Broken
remarried,six_to_ten,kids_to_fifth,to_twentyfour,female,0,2,Broken
remarried,under_two,kids_none,to_twentyfour,male,0,2,Broken
dating,eleven_to_twenty,adult_children,to_fifty,male,0,3,Broken
dating,under_two,kids_under_five,under_eighteen,female,0,3,Broken
engaged,under_two,kids_none,to_twentyfour,male,0,3,Broken
living_together,eleven_to_twenty,kids_to_twelfth,to_forty,female,0,3,Broken
living_together,over_thirty,kids_to_twelfth,to_fifty,male,0,3,Broken
married,eleven_to_twenty,kids_to_fifth,to_forty,female,0,3,Broken
married,over_thirty,kids_to_twelfth,to_fifty,female,0,3,Broken
married,six_to_ten,kids_none,to_thirty,male,0,3,Broken
married,twentyone_to_thirty,kids_to_twelfth,to_fifty,male,0,3,Broken
remarried,over_thirty,kids_none,to_fifty,female,0,3,Broken
remarried,six_to_ten,kids_to_fifth,to_twentyfour,female,0,3,Broken
remarried,under_two,kids_none,to_thirty,male,0,3,Broken
remarried,under_two,kids_under_five,to_thirty,female,0,3,Broken
remarried,under_two,kids_under_five,under_eighteen,female,0,3,Broken
engaged,over_thirty,kids_to_twelfth,to_fifty,female,0,4,Detached
engaged,over_thirty,kids_to_twelfth,to_sixty,female,0,4,Detached
engaged,six_to_ten,kids_to_fifth,to_forty,female,0,4,Detached
living_together,over_thirty,kids_under_five,to_fifty,female,0,4,Detached
living_together,twentyone_to_thirty,adult_children,to_fifty,female,0,4,Detached
living_together,twentyone_to_thirty,kids_to_twelfth,to_fifty,male,0,4,Detached
married,over_thirty,kids_none,to_fifty,male,0,4,Detached
married,over_thirty,kids_none,to_fifty,male,0,4,Detached
married,twentyone_to_thirty,kids_to_fifth,to_fifty,male,0,4,Detached
married,twentyone_to_thirty,kids_to_twelfth,to_fifty,female,0,4,Detached
married,under_two,kids_under_five,to_twentyfour,female,0,4,Detached
married,under_two,kids_under_five,to_twentyfour,female,0,4,Detached
remarried,over_thirty,kids_none,to_fifty,female,0,4,Detached
remarried,over_thirty,kids_to_fifth,to_fifty,male,0,4,Detached
remarried,over_thirty,kids_to_twelfth,to_fifty,male,0,4,Detached
remarried,under_two,kids_under_five,to_thirty,female,0,4,Detached
dating,eleven_to_twenty,kids_to_fifth,to_fifty,male,0,5,Detached
engaged,eleven_to_twenty,kids_to_fifth,to_forty,female,0,5,Detached
engaged,over_thirty,kids_none,to_fifty,male,0,5,Detached
engaged,under_two,kids_under_five,to_thirty,male,0,5,Detached
living_together,eleven_to_twenty,adult_children,to_fifty,female,0,5,Detached
living_together,six_to_ten,kids_under_five,to_fifty,female,0,5,Detached
living_together,under_two,kids_under_five,to_twentyfour,female,0,5,Detached
married,over_thirty,kids_to_fifth,to_fifty,male,0,5,Detached
married,three_to_five,kids_none,to_thirty,female,0,5,Detached
married,three_to_five,kids_to_fifth,to_thirty,female,0,5,Detached
married,twentyone_to_thirty,adult_children,to_seventy,male,0,5,Detached
married,twentyone_to_thirty,adult_children,to_sixty,female,0,5,Detached
married,twentyone_to_thirty,kids_to_twelfth,to_fifty,female,0,5,Detached
remarried,twentyone_to_thirty,kids_none,to_sixty,male,0,5,Detached
dating,over_thirty,kids_none,to_fifty,female,0,6,Detached
dating,over_thirty,kids_under_five,to_fifty,male,0,6,Detached
engaged,twentyone_to_thirty,kids_none,to_seventy,female,0,6,Detached
living_together,eleven_to_twenty,kids_none,to_thirty,female,0,6,Detached
living_together,under_two,kids_under_five,to_twentyfour,female,0,6,Detached
married,eleven_to_twenty,kids_to_fifth,to_forty,male,0,6,Detached
married,over_thirty,kids_to_twelfth,to_fifty,male,0,6,Detached
married,twentyone_to_thirty,kids_to_fifth,to_fifty,male,0,6,Detached
married,twentyone_to_thirty,kids_to_twelfth,to_fifty,female,0,6,Detached
married,twentyone_to_thirty,kids_under_five,to_fifty,male,0,6,Detached
remarried,over_thirty,kids_none,to_fifty,female,0,6,Detached
remarried,three_to_five,kids_to_fifth,to_thirty,male,0,6,Detached
remarried,three_to_five,kids_to_twelfth,to_fifty,male,0,6,Detached
remarried,twentyone_to_thirty,kids_to_twelfth,to_fifty,female,0,6,Detached
dating,eleven_to_twenty,kids_none,to_forty,male,0,7,Estranged
dating,eleven_to_twenty,kids_none,to_thirty,male,0,7,Estranged
living_together,twentyone_to_thirty,kids_none,to_fifty,male,0,7,Estranged
married,over_thirty,kids_to_twelfth,to_fifty,male,0,7,Estranged
married,over_thirty,kids_under_five,to_fifty,female,0,7,Estranged
married,six_to_ten,adult_children,to_fifty,male,0,7,Estranged
married,twentyone_to_thirty,adult_children,to_fifty,male,0,7,Estranged
married,twentyone_to_thirty,kids_none,to_fifty,female,0,7,Estranged
married,under_two,kids_none,to_twentyfour,female,0,7,Estranged
remarried,under_two,kids_none,to_twentyfour,male,0,7,Estranged
dating,twentyone_to_thirty,kids_to_twelfth,to_fifty,male,0,8,Estranged
dating,under_two,kids_under_five,under_eighteen,female,0,8,Estranged
engaged,under_two,kids_under_five,to_twentyfour,male,0,8,Estranged
living_together,eleven_to_twenty,kids_to_twelfth,to_forty,female,0,8,Estranged
married,eleven_to_twenty,kids_to_fifth,to_fifty,female,0,8,Estranged
married,over_thirty,kids_to_fifth,to_fifty,male,0,8,Estranged
married,six_to_ten,kids_under_five,to_thirty,male,0,8,Estranged
married,three_to_five,kids_under_five,to_forty,male,0,8,Estranged
married,under_two,kids_none,to_thirty,female,0,8,Estranged
remarried,twentyone_to_thirty,kids_to_fifth,to_fifty,female,0,8,Estranged
remarried,under_two,kids_under_five,to_thirty,female,0,8,Estranged
dating,eleven_to_twenty,kids_to_fifth,to_fifty,male,0,9,Estranged
dating,eleven_to_twenty,kids_to_fifth,to_forty,male,0,9,Estranged
engaged,over_thirty,kids_to_twelfth,to_fifty,female,0,9,Estranged
engaged,three_to_five,kids_to_fifth,to_thirty,male,0,9,Estranged
engaged,twentyone_to_thirty,adult_children,to_fifty,male,0,9,Estranged
living_together,over_thirty,kids_none,to_fifty,male,0,9,Estranged
living_together,over_thirty,kids_under_five,to_fifty,female,0,9,Estranged
living_together,under_two,kids_none,to_twentyfour,female,0,9,Estranged
married,eleven_to_twenty,adult_children,to_sixty,male,0,9,Estranged
married,over_thirty,adult_children,to_sixty,male,0,9,Estranged
married,over_thirty,kids_none,to_sixty,female,0,9,Estranged
married,over_thirty,kids_none,to_sixty,female,0,9,Estranged
married,six_to_ten,kids_to_fifth,to_thirty,male,0,9,Estranged
married,twentyone_to_thirty,kids_to_twelfth,to_fifty,female,0,9,Estranged
married,under_two,kids_under_five,to_thirty,female,0,9,Estranged
married,under_two,kids_under_five,to_twentyfour,female,0,9,Estranged
remarried,over_thirty,kids_to_twelfth,to_fifty,male,0,9,Estranged
remarried,three_to_five,kids_to_fifth,to_forty,male,0,9,Estranged
remarried,three_to_five,kids_to_twelfth,to_fifty,male,0,9,Estranged
dating,over_thirty,kids_none,to_fifty,female,0,10,Estranged
dating,under_two,kids_none,under_eighteen,male,0,10,Estranged
engaged,over_thirty,kids_none,to_fifty,male,0,10,Estranged
engaged,over_thirty,kids_to_twelfth,to_fifty,female,0,10,Estranged
living_together,eleven_to_twenty,kids_to_fifth,to_forty,female,0,10,Estranged
living_together,twentyone_to_thirty,kids_to_twelfth,to_fifty,male,0,10,Estranged
married,eleven_to_twenty,adult_children,to_fifty,male,0,10,Estranged
married,over_thirty,kids_to_twelfth,to_fifty,female,0,10,Estranged
married,over_thirty,kids_to_twelfth,to_fifty,female,0,10,Estranged
married,twentyone_to_thirty,kids_none,to_fifty,female,0,10,Estranged
married,twentyone_to_thirty,kids_to_twelfth,to_fifty,male,0,10,Estranged
married,twentyone_to_thirty,kids_under_five,to_fifty,male,0,10,Estranged
engaged,under_two,kids_none,to_twentyfour,female,1,0,Broken
engaged,under_two,kids_under_five,to_thirty,male,1,0,Broken
married,over_thirty,kids_none,to_fifty,female,1,0,Broken
married,over_thirty,kids_none,to_fifty,male,1,0,Broken
married,twentyone_to_thirty,kids_none,to_fifty,male,1,0,Broken
married,twentyone_to_thirty,kids_to_fifth,to_fifty,male,1,0,Broken
remarried,eleven_to_twenty,kids_to_fifth,to_thirty,male,1,0,Broken
remarried,over_thirty,kids_none,to_seventy,male,1,0,Broken
remarried,over_thirty,kids_to_twelfth,to_fifty,male,1,0,Broken
dating,eleven_to_twenty,kids_none,to_thirty,male,1,1,Broken
dating,eleven_to_twenty,kids_to_fifth,to_thirty,female,1,1,Broken
dating,over_thirty,kids_to_twelfth,to_fifty,female,1,1,Broken
dating,over_thirty,kids_to_twelfth,to_fifty,female,1,1,Broken
engaged,over_thirty,kids_none,to_fifty,male,1,1,Broken
engaged,over_thirty,kids_to_twelfth,to_fifty,female,1,1,Broken
living_together,six_to_ten,kids_none,to_thirty,female,1,1,Broken
living_together,twentyone_to_thirty,kids_to_twelfth,to_fifty,male,1,1,Broken
married,six_to_ten,kids_to_fifth,to_forty,male,1,1,Broken
married,three_to_five,kids_to_fifth,to_thirty,female,1,1,Broken
remarried,over_thirty,kids_none,to_sixty,male,1,1,Broken
remarried,over_thirty,kids_none,to_sixty,male,1,1,Broken
remarried,over_thirty,kids_to_fifth,to_fifty,male,1,1,Broken
dating,twentyone_to_thirty,kids_to_twelfth,to_sixty,male,1,2,Frayed
engaged,eleven_to_twenty,kids_to_fifth,to_forty,female,1,2,Frayed
living_together,three_to_five,kids_to_fifth,to_forty,female,1,2,Frayed
married,over_thirty,kids_none,to_fifty,female,1,2,Frayed
married,twentyone_to_thirty,adult_children,to_sixty,female,1,2,Frayed
married,twentyone_to_thirty,kids_to_fifth,to_fifty,male,1,2,Frayed
married,under_two,kids_none,to_twentyfour,male,1,2,Frayed
remarried,eleven_to_twenty,kids_under_five,to_forty,female,1,2,Frayed
dating,eleven_to_twenty,kids_none,to_forty,male,1,3,Frayed
dating,under_two,kids_under_five,to_twentyfour,female,1,3,Frayed
dating,under_two,kids_under_five,under_eighteen,female,1,3,Frayed
living_together,eleven_to_twenty,adult_children,to_fifty,female,1,3,Frayed
living_together,twentyone_to_thirty,kids_to_twelfth,to_sixty,female,1,3,Frayed
married,eleven_to_twenty,kids_none,to_thirty,female,1,3,Frayed
married,eleven_to_twenty,kids_to_fifth,to_fifty,female,1,3,Frayed
married,over_thirty,kids_none,to_fifty,male,1,3,Frayed
married,twentyone_to_thirty,kids_none,to_fifty,female,1,3,Frayed
married,twentyone_to_thirty,kids_to_twelfth,to_fifty,female,1,3,Frayed
married,under_two,kids_none,to_twentyfour,male,1,3,Frayed
married,under_two,kids_under_five,to_forty,male,1,3,Frayed
dating,twentyone_to_thirty,adult_children,to_sixty,male,1,4,Detached
dating,twentyone_to_thirty,kids_none,to_fifty,male,1,4,Detached
living_together,over_thirty,kids_to_twelfth,to_fifty,male,1,4,Detached
living_together,twentyone_to_thirty,adult_children,to_fifty,male,1,4,Detached
married,six_to_ten,kids_under_five,to_thirty,male,1,4,Detached
married,three_to_five,kids_none,to_twentyfour,female,1,4,Detached
married,three_to_five,kids_under_five,to_thirty,male,1,4,Detached
married,twentyone_to_thirty,kids_to_fifth,to_fifty,male,1,4,Detached
married,under_two,kids_none,to_thirty,female,1,4,Detached
married,under_two,kids_under_five,to_thirty,male,1,4,Detached
married,under_two,kids_under_five,to_thirty,male,1,4,Detached
remarried,over_thirty,kids_to_twelfth,to_fifty,male,1,4,Detached
remarried,under_two,kids_under_five,to_thirty,female,1,4,Detached
dating,under_two,kids_none,under_eighteen,male,1,5,Detached
engaged,eleven_to_twenty,kids_to_fifth,to_forty,female,1,5,Detached
engaged,under_two,kids_under_five,to_thirty,male,1,5,Detached
married,eleven_to_twenty,kids_none,to_forty,male,1,5,Detached
married,under_two,kids_none,under_eighteen,male,1,5,Detached
married,under_two,kids_under_five,to_thirty,male,1,5,Detached
remarried,over_thirty,kids_none,to_fifty,female,1,5,Detached
remarried,over_thirty,kids_none,to_sixty,male,1,5,Detached
remarried,twentyone_to_thirty,kids_none,to_fifty,male,1,5,Detached
remarried,twentyone_to_thirty,kids_none,to_sixty,female,1,5,Detached
dating,over_thirty,kids_to_twelfth,to_fifty,female,1,6,Detached
dating,twentyone_to_thirty,kids_to_twelfth,to_fifty,male,1,6,Detached
engaged,under_two,kids_none,to_twentyfour,male,1,6,Detached
married,eleven_to_twenty,kids_none,to_thirty,male,1,6,Detached
remarried,over_thirty,adult_children,to_fifty,female,1,6,Detached
remarried,under_two,kids_none,to_twentyfour,male,1,6,Detached
dating,over_thirty,kids_to_twelfth,to_fifty,female,1,7,Stuck
dating,twentyone_to_thirty,kids_to_twelfth,to_sixty,male,1,7,Stuck
dating,under_two,kids_under_five,to_twentyfour,female,1,7,Stuck
living_together,eleven_to_twenty,kids_none,to_forty,female,1,7,Stuck
married,six_to_ten,kids_none,to_thirty,male,1,7,Stuck
married,under_two,kids_under_five,to_thirty,male,1,7,Stuck
married,under_two,kids_under_five,to_twentyfour,female,1,7,Stuck
remarried,eleven_to_twenty,kids_to_fifth,to_thirty,male,1,7,Stuck
remarried,twentyone_to_thirty,kids_to_twelfth,to_fifty,female,1,7,Stuck
remarried,twentyone_to_thirty,kids_to_twelfth,to_fifty,female,1,7,Stuck
dating,six_to_ten,kids_under_five,to_twentyfour,male,1,8,Stuck
engaged,over_thirty,kids_to_twelfth,to_fifty,male,1,8,Stuck
engaged,twentyone_to_thirty,kids_to_twelfth,to_fifty,female,1,8,Stuck
living_together,twentyone_to_thirty,adult_children,to_sixty,male,1,8,Stuck
married,eleven_to_twenty,kids_none,to_forty,male,1,8,Stuck
married,over_thirty,kids_none,to_fifty,female,1,8,Stuck
married,six_to_ten,kids_under_five,to_thirty,male,1,8,Stuck
married,three_to_five,adult_children,to_fifty,male,1,8,Stuck
married,three_to_five,kids_none,to_twentyfour,female,1,8,Stuck
married,twentyone_to_thirty,adult_children,to_fifty,male,1,8,Stuck
married,twentyone_to_thirty,kids_under_five,to_fifty,male,1,8,Stuck
married,under_two,kids_under_five,to_forty,male,1,8,Stuck
remarried,eleven_to_twenty,kids_to_fifth,to_thirty,male,1,8,Stuck
remarried,over_thirty,kids_none,to_fifty,female,1,8,Stuck
dating,twentyone_to_thirty,kids_under_five,to_fifty,male,1,9,Estranged
engaged,over_thirty,kids_none,to_fifty,male,1,9,Estranged
married,eleven_to_twenty,kids_under_five,to_forty,male,1,9,Estranged
married,eleven_to_twenty,kids_under_five,to_thirty,male,1,9,Estranged
married,over_thirty,kids_none,to_sixty,female,1,9,Estranged
married,three_to_five,kids_to_fifth,to_thirty,female,1,9,Estranged
married,twentyone_to_thirty,adult_children,to_fifty,male,1,9,Estranged
married,twentyone_to_thirty,kids_to_twelfth,to_fifty,female,1,9,Estranged
married,under_two,kids_none,to_thirty,female,1,9,Estranged
married,under_two,kids_none,to_twentyfour,male,1,9,Estranged
remarried,eleven_to_twenty,adult_children,to_fifty,male,1,9,Estranged
remarried,eleven_to_twenty,kids_to_fifth,to_forty,male,1,9,Estranged
remarried,six_to_ten,kids_under_five,to_forty,female,1,9,Estranged
remarried,twentyone_to_thirty,kids_to_twelfth,to_fifty,female,1,9,Estranged
dating,twentyone_to_thirty,kids_to_twelfth,to_fifty,male,1,10,Estranged
dating,twentyone_to_thirty,kids_to_twelfth,to_sixty,male,1,10,Estranged
dating,under_two,kids_none,under_eighteen,male,1,10,Estranged
dating,under_two,kids_under_five,under_eighteen,female,1,10,Estranged
engaged,under_two,kids_under_five,to_twentyfour,male,1,10,Estranged
living_together,twentyone_to_thirty,kids_to_twelfth,to_fifty,male,1,10,Estranged
married,eleven_to_twenty,adult_children,to_fifty,male,1,10,Estranged
married,eleven_to_twenty,kids_to_fifth,to_fifty,female,1,10,Estranged
married,over_thirty,kids_none,to_fifty,male,1,10,Estranged
married,over_thirty,kids_to_fifth,to_fifty,male,1,10,Estranged
married,over_thirty,kids_to_twelfth,to_fifty,female,1,10,Estranged
remarried,over_thirty,kids_to_twelfth,to_fifty,male,1,10,Estranged
remarried,under_two,kids_none,to_twentyfour,male,1,10,Estranged
engaged,eleven_to_twenty,kids_to_fifth,to_forty,female,2,0,Broken
engaged,under_two,kids_none,to_thirty,female,2,0,Broken
engaged,under_two,kids_none,to_twentyfour,male,2,0,Broken
living_together,three_to_five,kids_none,to_twentyfour,female,2,0,Broken
married,eleven_to_twenty,kids_to_fifth,to_thirty,male,2,0,Broken
married,over_thirty,kids_to_twelfth,to_fifty,female,2,0,Broken
married,over_thirty,kids_to_twelfth,to_fifty,male,2,0,Broken
married,twentyone_to_thirty,kids_to_twelfth,to_fifty,male,2,0,Broken
remarried,twentyone_to_thirty,adult_children,to_fifty,male,2,0,Broken
remarried,twentyone_to_thirty,kids_to_twelfth,to_fifty,female,2,0,Broken
remarried,under_two,kids_none,to_twentyfour,male,2,0,Broken
dating,under_two,kids_none,under_eighteen,male,2,1,Frayed
living_together,over_thirty,kids_to_twelfth,to_fifty,male,2,1,Frayed
married,eleven_to_twenty,kids_under_five,to_forty,male,2,1,Frayed
married,under_two,kids_none,to_thirty,female,2,1,Frayed
remarried,twentyone_to_thirty,kids_none,to_sixty,male,2,1,Frayed
remarried,under_two,kids_none,to_twentyfour,male,2,1,Frayed
dating,twentyone_to_thirty,adult_children,to_sixty,male,2,2,Frayed
engaged,twentyone_to_thirty,kids_none,to_seventy,female,2,2,Frayed
engaged,twentyone_to_thirty,kids_to_twelfth,to_fifty,female,2,2,Frayed
married,over_thirty,kids_none,to_fifty,male,2,2,Frayed
married,over_thirty,kids_to_twelfth,to_fifty,female,2,2,Frayed
married,over_thirty,kids_to_twelfth,to_fifty,female,2,2,Frayed
married,three_to_five,kids_none,to_thirty,female,2,2,Frayed
married,twentyone_to_thirty,adult_children,to_fifty,male,2,2,Frayed
married,under_two,kids_under_five,to_twentyfour,female,2,2,Frayed
remarried,three_to_five,kids_under_five,to_thirty,male,2,2,Frayed
remarried,twentyone_to_thirty,kids_to_fifth,to_fifty,female,2,2,Frayed
dating,under_two,kids_none,under_eighteen,male,2,3,Frayed
engaged,eleven_to_twenty,adult_children,to_fifty,female,2,3,Frayed
engaged,under_two,kids_none,to_twentyfour,male,2,3,Frayed
married,over_thirty,kids_to_twelfth,to_fifty,male,2,3,Frayed
married,over_thirty,kids_to_twelfth,to_fifty,female,2,3,Frayed
married,six_to_ten,kids_to_fifth,to_forty,male,2,3,Frayed
married,twentyone_to_thirty,kids_to_fifth,to_fifty,male,2,3,Frayed
married,twentyone_to_thirty,kids_to_fifth,to_fifty,male,2,3,Frayed
married,twentyone_to_thirty,kids_to_fifth,to_fifty,male,2,3,Frayed
married,under_two,kids_none,to_thirty,female,2,3,Frayed
married,under_two,kids_none,under_eighteen,male,2,3,Frayed
remarried,eleven_to_twenty,kids_none,to_thirty,male,2,3,Frayed
remarried,over_thirty,kids_none,to_sixty,male,2,3,Frayed
remarried,over_thirty,kids_none,to_sixty,male,2,3,Frayed
remarried,over_thirty,kids_to_twelfth,to_fifty,female,2,3,Frayed
remarried,six_to_ten,kids_none,to_twentyfour,female,2,3,Frayed
dating,over_thirty,kids_to_twelfth,to_fifty,female,2,4,Detached
married,over_thirty,kids_none,to_seventy,male,2,4,Detached
married,three_to_five,kids_under_five,to_fifty,female,2,4,Detached
married,twentyone_to_thirty,adult_children,to_sixty,female,2,4,Detached
married,twentyone_to_thirty,kids_to_twelfth,to_fifty,male,2,4,Detached
married,under_two,kids_under_five,to_forty,male,2,4,Detached
remarried,over_thirty,kids_to_twelfth,to_fifty,female,2,4,Detached
dating,under_two,kids_none,to_twentyfour,male,2,5,Detached
engaged,twentyone_to_thirty,kids_to_twelfth,to_fifty,female,2,5,Detached
living_together,over_thirty,kids_to_twelfth,to_fifty,male,2,5,Detached
living_together,over_thirty,kids_under_five,to_fifty,male,2,5,Detached
married,eleven_to_twenty,kids_to_fifth,to_forty,female,2,5,Detached
married,over_thirty,kids_to_twelfth,to_fifty,female,2,5,Detached
married,under_two,kids_none,to_thirty,female,2,5,Detached
remarried,eleven_to_twenty,kids_to_fifth,to_thirty,male,2,5,Detached
remarried,twentyone_to_thirty,kids_to_twelfth,to_fifty,female,2,5,Detached
remarried,under_two,kids_to_twelfth,to_forty,female,2,5,Detached
dating,twentyone_to_thirty,kids_to_fifth,to_fifty,female,2,6,Detached
engaged,three_to_five,kids_to_fifth,to_thirty,male,2,6,Detached
living_together,twentyone_to_thirty,kids_to_twelfth,to_seventy,female,2,6,Detached
living_together,twentyone_to_thirty,kids_to_twelfth,to_sixty,female,2,6,Detached
married,over_thirty,kids_none,to_fifty,female,2,6,Detached
married,over_thirty,kids_none,to_sixty,female,2,6,Detached
married,over_thirty,kids_to_twelfth,to_fifty,female,2,6,Detached
married,over_thirty,kids_under_five,to_fifty,female,2,6,Detached
married,six_to_ten,kids_to_twelfth,to_forty,male,2,6,Detached
married,three_to_five,kids_to_fifth,to_thirty,female,2,6,Detached
married,twentyone_to_thirty,kids_to_twelfth,to_fifty,male,2,6,Detached
married,twentyone_to_thirty,kids_under_five,to_fifty,male,2,6,Detached
remarried,under_two,kids_none,under_eighteen,male,2,6,Detached
dating,eleven_to_twenty,kids_none,to_forty,male,2,7,Stuck
engaged,eleven_to_twenty,kids_none,to_thirty,female,2,7,Stuck
engaged,eleven_to_twenty,kids_to_fifth,to_forty,female,2,7,Stuck
engaged,over_thirty,kids_to_twelfth,to_fifty,female,2,7,Stuck
engaged,twentyone_to_thirty,kids_none,to_fifty,male,2,7,Stuck
living_together,eleven_to_twenty,kids_none,to_fifty,female,2,7,Stuck
married,eleven_to_twenty,kids_none,to_thirty,male,2,7,Stuck
married,eleven_to_twenty,kids_to_fifth,to_fifty,female,2,7,Stuck
married,over_thirty,kids_none,to_fifty,male,2,7,Stuck
married,over_thirty,kids_to_twelfth,to_fifty,female,2,7,Stuck
married,three_to_five,kids_none,to_twentyfour,female,2,7,Stuck
married,three_to_five,kids_none,to_twentyfour,female,2,7,Stuck
married,twentyone_to_thirty,adult_children,to_fifty,male,2,7,Stuck
married,twentyone_to_thirty,kids_to_twelfth,to_fifty,female,2,7,Stuck
married,twentyone_to_thirty,kids_to_twelfth,to_fifty,male,2,7,Stuck
remarried,over_thirty,kids_to_twelfth,to_fifty,male,2,7,Stuck
remarried,under_two,kids_under_five,to_thirty,female,2,7,Stuck
dating,eleven_to_twenty,kids_to_fifth,to_forty,male,2,8,Stuck
engaged,over_thirty,kids_to_fifth,to_fifty,male,2,8,Stuck
engaged,over_thirty,kids_under_five,to_sixty,female,2,8,Stuck
living_together,twentyone_to_thirty,kids_none,to_fifty,male,2,8,Stuck
married,eleven_to_twenty,kids_none,to_thirty,female,2,8,Stuck
married,eleven_to_twenty,kids_to_fifth,to_fifty,female,2,8,Stuck
married,eleven_to_twenty,kids_under_five,to_forty,male,2,8,Stuck
married,six_to_ten,kids_to_fifth,to_thirty,male,2,8,Stuck
married,twentyone_to_thirty,adult_children,to_seventy,male,2,8,Stuck
married,under_two,kids_none,to_thirty,male,2,8,Stuck
married,under_two,kids_none,to_twentyfour,male,2,8,Stuck
remarried,twentyone_to_thirty,kids_to_twelfth,to_fifty,female,2,8,Stuck
dating,over_thirty,kids_under_five,to_fifty,male,2,9,Stuck
dating,under_two,kids_none,under_eighteen,male,2,9,Stuck
engaged,under_two,kids_none,under_eighteen,male,2,9,Stuck
engaged,under_two,kids_under_five,to_thirty,male,2,9,Stuck
married,eleven_to_twenty,kids_to_fifth,to_forty,male,2,9,Stuck
remarried,three_to_five,kids_to_fifth,to_thirty,male,2,9,Stuck
remarried,under_two,kids_to_fifth,to_forty,female,2,9,Stuck
dating,six_to_ten,kids_none,to_twentyfour,male,2,10,Estranged
engaged,over_thirty,adult_children,to_fifty,male,2,10,Estranged
married,over_thirty,kids_none,to_fifty,male,2,10,Estranged
married,over_thirty,kids_none,to_fifty,male,2,10,Estranged
married,over_thirty,kids_none,to_sixty,female,2,10,Estranged
married,three_to_five,kids_none,to_thirty,female,2,10,Estranged
married,twentyone_to_thirty,kids_none,to_fifty,female,2,10,Estranged
married,under_two,kids_under_five,to_thirty,female,2,10,Estranged
remarried,over_thirty,kids_none,to_fifty,female,2,10,Estranged
remarried,over_thirty,kids_none,to_sixty,male,2,10,Estranged
remarried,six_to_ten,kids_none,to_twentyfour,female,2,10,Estranged
living_together,twentyone_to_thirty,kids_to_twelfth,to_sixty,female,3,0,Broken
married,eleven_to_twenty,kids_to_fifth,to_fifty,female,3,0,Broken
married,over_thirty,kids_none,to_fifty,male,3,0,Broken
married,over_thirty,kids_to_twelfth,to_fifty,male,3,0,Broken
remarried,three_to_five,kids_to_fifth,to_forty,male,3,0,Broken
remarried,twentyone_to_thirty,adult_children,to_fifty,male,3,0,Broken
remarried,twentyone_to_thirty,kids_to_twelfth,to_fifty,female,3,0,Broken
dating,six_to_ten,kids_under_five,to_twentyfour,male,3,1,Frayed
living_together,eleven_to_twenty,kids_under_five,to_forty,female,3,1,Frayed
living_together,over_thirty,kids_to_twelfth,to_fifty,male,3,1,Frayed
living_together,twentyone_to_thirty,adult_children,to_fifty,male,3,1,Frayed
married,eleven_to_twenty,kids_under_five,to_forty,male,3,1,Frayed
married,over_thirty,kids_none,to_fifty,male,3,1,Frayed
married,three_to_five,kids_none,to_forty,female,3,1,Frayed
married,twentyone_to_thirty,adult_children,to_fifty,male,3,1,Frayed
married,twentyone_to_thirty,adult_children,to_seventy,male,3,1,Frayed
married,twentyone_to_thirty,kids_none,to_fifty,female,3,1,Frayed
married,under_two,kids_none,to_twentyfour,male,3,1,Frayed
remarried,eleven_to_twenty,kids_to_twelfth,to_forty,female,3,1,Frayed
remarried,under_two,kids_none,under_eighteen,male,3,1,Frayed
dating,eleven_to_twenty,kids_to_fifth,to_fifty,male,3,2,Frayed
dating,over_thirty,kids_none,to_fifty,female,3,2,Frayed
married,over_thirty,adult_children,to_sixty,female,3,2,Frayed
married,over_thirty,kids_to_fifth,to_fifty,female,3,2,Frayed
married,over_thirty,kids_to_twelfth,to_fifty,male,3,2,Frayed
married,over_thirty,kids_to_twelfth,to_fifty,female,3,2,Frayed
married,over_thirty,kids_to_twelfth,to_fifty,male,3,2,Frayed
married,twentyone_to_thirty,adult_children,to_sixty,female,3,2,Frayed
married,under_two,kids_under_five,to_thirty,female,3,2,Frayed
remarried,over_thirty,kids_to_twelfth,to_fifty,male,3,2,Frayed
dating,three_to_five,kids_under_five,to_twentyfour,male,3,3,Frayed
dating,under_two,kids_none,under_eighteen,male,3,3,Frayed
dating,under_two,kids_under_five,under_eighteen,female,3,3,Frayed
engaged,eleven_to_twenty,kids_to_fifth,to_forty,female,3,3,Frayed
living_together,twentyone_to_thirty,adult_children,to_fifty,male,3,3,Frayed
living_together,twentyone_to_thirty,kids_none,to_seventy,male,3,3,Frayed
married,over_thirty,kids_none,to_fifty,male,3,3,Frayed
married,over_thirty,kids_to_twelfth,to_fifty,male,3,3,Frayed
married,twentyone_to_thirty,adult_children,to_fifty,male,3,3,Frayed
married,twentyone_to_thirty,kids_to_fifth,to_fifty,male,3,3,Frayed
married,under_two,kids_none,to_twentyfour,female,3,3,Frayed
remarried,eleven_to_twenty,kids_none,to_thirty,male,3,3,Frayed
remarried,under_two,kids_none,to_thirty,male,3,3,Frayed
engaged,eleven_to_twenty,kids_none,to_thirty,female,3,4,Detached
engaged,under_two,kids_none,to_twentyfour,male,3,4,Detached
living_together,over_thirty,kids_none,to_fifty,male,3,4,Detached
living_together,six_to_ten,kids_none,to_thirty,female,3,4,Detached
living_together,twentyone_to_thirty,adult_children,to_fifty,male,3,4,Detached
married,eleven_to_twenty,kids_none,to_forty,male,3,4,Detached
married,over_thirty,kids_none,to_fifty,male,3,4,Detached
married,over_thirty,kids_none,to_fifty,male,3,4,Detached
married,over_thirty,kids_under_five,to_fifty,female,3,4,Detached
married,three_to_five,kids_none,to_twentyfour,female,3,4,Detached
married,twentyone_to_thirty,adult_children,to_fifty,male,3,4,Detached
married,under_two,kids_under_five,under_eighteen,male,3,4,Detached
remarried,over_thirty,kids_to_twelfth,to_fifty,female,3,4,Detached
remarried,twentyone_to_thirty,kids_none,to_sixty,male,3,4,Detached
remarried,under_two,kids_none,to_twentyfour,male,3,4,Detached
dating,eleven_to_twenty,kids_to_fifth,to_forty,female,3,5,Detached
engaged,twentyone_to_thirty,kids_none,to_fifty,male,3,5,Detached
living_together,six_to_ten,kids_none,to_thirty,female,3,5,Detached
living_together,twentyone_to_thirty,kids_none,to_seventy,male,3,5,Detached
living_together,under_two,kids_none,to_twentyfour,female,3,5,Detached
married,eleven_to_twenty,kids_none,to_thirty,female,3,5,Detached
married,three_to_five,kids_none,to_twentyfour,female,3,5,Detached
remarried,eleven_to_twenty,kids_none,to_forty,male,3,5,Detached
married,eleven_to_twenty,adult_children,to_fifty,male,3,6,Detached
married,over_thirty,kids_to_twelfth,to_fifty,male,3,6,Detached
married,three_to_five,kids_under_five,to_forty,female,3,6,Detached
married,twentyone_to_thirty,adult_children,to_sixty,male,3,6,Detached
married,under_two,kids_none,to_twentyfour,female,3,6,Detached
remarried,over_thirty,kids_to_twelfth,to_fifty,male,3,6,Detached
remarried,six_to_ten,kids_to_fifth,to_thirty,female,3,6,Detached
remarried,twentyone_to_thirty,kids_none,to_fifty,male,3,6,Detached
engaged,over_thirty,kids_to_twelfth,to_fifty,female,3,7,Stuck
living_together,under_two,kids_none,to_twentyfour,female,3,7,Stuck
married,eleven_to_twenty,kids_none,to_thirty,male,3,7,Stuck
married,eleven_to_twenty,kids_to_fifth,to_forty,female,3,7,Stuck
married,over_thirty,kids_to_twelfth,to_fifty,female,3,7,Stuck
married,twentyone_to_thirty,adult_children,to_fifty,male,3,7,Stuck
married,twentyone_to_thirty,adult_children,to_sixty,female,3,7,Stuck
married,twentyone_to_thirty,kids_to_fifth,to_fifty,male,3,7,Stuck
remarried,eleven_to_twenty,kids_none,to_thirty,male,3,7,Stuck
remarried,twentyone_to_thirty,kids_to_twelfth,to_fifty,female,3,7,Stuck
remarried,under_two,kids_none,to_thirty,male,3,7,Stuck
remarried,under_two,kids_under_five,to_forty,female,3,7,Stuck
dating,eleven_to_twenty,kids_to_fifth,to_fifty,male,3,8,Stuck
living_together,eleven_to_twenty,kids_none,to_thirty,female,3,8,Stuck
living_together,under_two,kids_none,to_twentyfour,female,3,8,Stuck
married,twentyone_to_thirty,adult_children,to_fifty,male,3,8,Stuck
married,twentyone_to_thirty,kids_none,to_fifty,female,3,8,Stuck
married,twentyone_to_thirty,kids_to_twelfth,to_fifty,male,3,8,Stuck
married,under_two,kids_under_five,to_thirty,female,3,8,Stuck
remarried,eleven_to_twenty,kids_to_fifth,to_thirty,male,3,8,Stuck
remarried,over_thirty,kids_to_twelfth,to_fifty,male,3,8,Stuck
remarried,six_to_ten,kids_none,to_twentyfour,female,3,8,Stuck
remarried,under_two,kids_none,to_thirty,male,3,8,Stuck
engaged,eleven_to_twenty,kids_to_fifth,to_forty,female,3,9,Stuck
engaged,twentyone_to_thirty,kids_under_five,to_fifty,female,3,9,Stuck
living_together,eleven_to_twenty,kids_under_five,to_thirty,female,3,9,Stuck
married,over_thirty,kids_none,to_sixty,female,3,9,Stuck
married,under_two,kids_under_five,to_forty,male,3,9,Stuck
remarried,over_thirty,kids_none,to_fifty,female,3,9,Stuck
dating,under_two,kids_none,to_twentyfour,male,3,10,Estranged
married,over_thirty,kids_none,to_fifty,male,3,10,Estranged
married,over_thirty,kids_none,to_fifty,male,3,10,Estranged
married,six_to_ten,kids_to_fifth,to_forty,male,3,10,Estranged
married,twentyone_to_thirty,kids_none,to_fifty,female,3,10,Estranged
married,under_two,kids_none,to_thirty,female,3,10,Estranged
married,under_two,kids_under_five,to_thirty,male,3,10,Estranged
remarried,over_thirty,kids_none,to_seventy,male,3,10,Estranged
remarried,six_to_ten,kids_to_fifth,to_twentyfour,female,3,10,Estranged
dating,over_thirty,adult_children,to_fifty,female,4,0,Tentative
dating,over_thirty,adult_children,to_sixty,female,4,0,Tentative
engaged,twentyone_to_thirty,kids_none,to_fifty,male,4,0,Tentative
married,over_thirty,kids_none,to_fifty,male,4,0,Tentative
married,over_thirty,kids_none,to_fifty,male,4,0,Tentative
married,twentyone_to_thirty,kids_to_twelfth,to_fifty,male,4,0,Tentative
married,under_two,kids_under_five,to_twentyfour,female,4,0,Tentative
married,under_two,kids_under_five,under_eighteen,male,4,0,Tentative
remarried,eleven_to_twenty,kids_none,to_forty,male,4,0,Tentative
remarried,over_thirty,kids_none,to_seventy,male,4,0,Tentative
remarried,over_thirty,kids_to_twelfth,to_fifty,female,4,0,Tentative
remarried,twentyone_to_thirty,kids_none,to_sixty,female,4,0,Tentative
dating,twentyone_to_thirty,kids_to_twelfth,to_sixty,male,4,1,Tentative
engaged,eleven_to_twenty,adult_children,to_fifty,female,4,1,Tentative
engaged,over_thirty,kids_under_five,to_sixty,female,4,1,Tentative
engaged,twentyone_to_thirty,kids_none,to_fifty,male,4,1,Tentative
engaged,under_two,kids_under_five,to_thirty,male,4,1,Tentative
living_together,eleven_to_twenty,adult_children,to_fifty,female,4,1,Tentative
living_together,three_to_five,kids_under_five,to_forty,female,4,1,Tentative
married,under_two,kids_none,to_twentyfour,male,4,1,Tentative
married,under_two,kids_under_five,to_twentyfour,female,4,1,Tentative
remarried,eleven_to_twenty,kids_none,to_forty,male,4,1,Tentative
remarried,eleven_to_twenty,kids_none,to_thirty,male,4,1,Tentative
remarried,six_to_ten,kids_to_fifth,to_thirty,female,4,1,Tentative
remarried,twentyone_to_thirty,kids_none,to_fifty,male,4,1,Tentative
remarried,under_two,kids_none,to_thirty,male,4,1,Tentative
remarried,under_two,kids_under_five,to_twentyfour,female,4,1,Tentative
dating,six_to_ten,kids_to_fifth,to_twentyfour,male,4,2,Tentative
living_together,over_thirty,kids_to_twelfth,to_fifty,male,4,2,Tentative
living_together,twentyone_to_thirty,kids_to_twelfth,to_seventy,female,4,2,Tentative
married,eleven_to_twenty,kids_none,to_thirty,female,4,2,Tentative
married,over_thirty,kids_none,to_fifty,male,4,2,Tentative
married,over_thirty,kids_to_twelfth,to_fifty,male,4,2,Tentative
married,twentyone_to_thirty,kids_to_twelfth,to_fifty,male,4,2,Tentative
married,twentyone_to_thirty,kids_under_five,to_fifty,male,4,2,Tentative
married,under_two,kids_under_five,to_thirty,female,4,2,Tentative
remarried,eleven_to_twenty,kids_under_five,to_forty,female,4,2,Tentative
remarried,six_to_ten,kids_to_fifth,to_twentyfour,female,4,2,Tentative
dating,twentyone_to_thirty,kids_to_fifth,to_fifty,female,4,3,Tentative
dating,twentyone_to_thirty,kids_to_twelfth,to_fifty,male,4,3,Tentative
engaged,twentyone_to_thirty,kids_to_fifth,to_fifty,female,4,3,Tentative
living_together,twentyone_to_thirty,kids_to_twelfth,to_fifty,male,4,3,Tentative
living_together,under_two,kids_none,to_thirty,female,4,3,Tentative
married,eleven_to_twenty,adult_children,to_sixty,male,4,3,Tentative
married,over_thirty,kids_none,to_fifty,male,4,3,Tentative
married,over_thirty,kids_to_twelfth,to_fifty,female,4,3,Tentative
married,six_to_ten,kids_to_fifth,to_forty,male,4,3,Tentative
married,twentyone_to_thirty,kids_to_twelfth,to_fifty,male,4,3,Tentative
married,under_two,kids_none,to_twentyfour,male,4,3,Tentative
married,under_two,kids_under_five,to_thirty,female,4,3,Tentative
married,under_two,kids_under_five,to_thirty,female,4,3,Tentative
remarried,eleven_to_twenty,kids_none,to_thirty,male,4,3,Tentative
remarried,over_thirty,kids_to_twelfth,to_fifty,male,4,3,Tentative
dating,over_thirty,kids_to_twelfth,to_sixty,male,4,4,Tentative
living_together,over_thirty,kids_to_twelfth,to_fifty,male,4,4,Tentative
married,eleven_to_twenty,kids_to_fifth,to_forty,male,4,4,Tentative
married,over_thirty,kids_none,to_sixty,female,4,4,Tentative
married,twentyone_to_thirty,kids_to_twelfth,to_fifty,male,4,4,Tentative
remarried,twentyone_to_thirty,kids_none,to_fifty,male,4,4,Tentative
dating,eleven_to_twenty,kids_under_five,to_fifty,female,4,5,Steady
engaged,over_thirty,kids_none,to_fifty,male,4,5,Steady
married,three_to_five,kids_under_five,to_thirty,male,4,5,Steady
married,twentyone_to_thirty,adult_children,to_seventy,male,4,5,Steady
married,twentyone_to_thirty,kids_none,to_fifty,male,4,5,Steady
married,twentyone_to_thirty,kids_to_twelfth,to_fifty,female,4,5,Steady
married,twentyone_to_thirty,kids_to_twelfth,to_fifty,male,4,5,Steady
remarried,twentyone_to_thirty,adult_children,to_sixty,male,4,5,Steady
remarried,twentyone_to_thirty,kids_none,to_sixty,female,4,5,Steady
remarried,under_two,kids_under_five,to_thirty,female,4,5,Steady
engaged,under_two,kids_under_five,to_twentyfour,male,4,6,Reliable
married,eleven_to_twenty,kids_none,to_thirty,male,4,6,Reliable
married,over_thirty,adult_children,to_seventy,male,4,6,Reliable
married,over_thirty,kids_none,to_fifty,female,4,6,Reliable
married,over_thirty,kids_none,to_fifty,male,4,6,Reliable
married,over_thirty,kids_none,to_sixty,female,4,6,Reliable
married,twentyone_to_thirty,kids_none,to_fifty,female,4,6,Reliable
married,under_two,kids_under_five,under_eighteen,male,4,6,Reliable
remarried,under_two,kids_none,to_twentyfour,male,4,6,Reliable
remarried,under_two,kids_none,to_twentyfour,male,4,6,Reliable
dating,eleven_to_twenty,kids_none,to_thirty,male,4,7,Reliable
dating,twentyone_to_thirty,kids_none,to_fifty,female,4,7,Reliable
engaged,under_two,kids_under_five,to_thirty,male,4,7,Reliable
engaged,under_two,kids_under_five,to_thirty,male,4,7,Reliable
living_together,eleven_to_twenty,kids_none,to_thirty,female,4,7,Reliable
living_together,over_thirty,kids_to_twelfth,to_fifty,male,4,7,Reliable
living_together,six_to_ten,kids_none,to_forty,female,4,7,Reliable
married,eleven_to_twenty,kids_none,to_thirty,male,4,7,Reliable
married,over_thirty,kids_none,to_fifty,male,4,7,Reliable
married,twentyone_to_thirty,kids_to_twelfth,to_fifty,female,4,7,Reliable
married,twentyone_to_thirty,kids_to_twelfth,to_fifty,female,4,7,Reliable
married,under_two,kids_under_five,to_twentyfour,female,4,7,Reliable
remarried,eleven_to_twenty,kids_none,to_forty,male,4,7,Reliable
remarried,over_thirty,kids_none,to_fifty,male,4,7,Reliable
remarried,over_thirty,kids_to_fifth,to_fifty,male,4,7,Reliable
dating,under_two,kids_none,under_eighteen,male,4,8,Reliable
engaged,under_two,kids_under_five,to_twentyfour,male,4,8,Reliable
living_together,twentyone_to_thirty,kids_to_twelfth,to_fifty,male,4,8,Reliable
married,eleven_to_twenty,kids_to_fifth,to_forty,male,4,8,Reliable
married,over_thirty,kids_none,to_fifty,male,4,8,Reliable
married,over_thirty,kids_none,to_sixty,female,4,8,Reliable
married,twentyone_to_thirty,kids_to_fifth,to_fifty,male,4,8,Reliable
married,under_two,kids_under_five,to_forty,male,4,8,Reliable
remarried,over_thirty,kids_none,to_sixty,male,4,8,Reliable
remarried,over_thirty,kids_to_twelfth,to_fifty,male,4,8,Reliable
remarried,under_two,kids_none,to_thirty,male,4,8,Reliable
remarried,under_two,kids_none,under_eighteen,male,4,8,Reliable
engaged,twentyone_to_thirty,kids_to_twelfth,to_fifty,female,4,9,Reliable
living_together,over_thirty,kids_none,to_fifty,male,4,9,Reliable
living_together,twentyone_to_thirty,kids_under_five,to_fifty,female,4,9,Reliable
living_together,under_two,kids_none,to_twentyfour,female,4,9,Reliable
married,twentyone_to_thirty,adult_children,to_sixty,female,4,9,Reliable
married,twentyone_to_thirty,kids_none,to_fifty,female,4,9,Reliable
married,twentyone_to_thirty,kids_none,to_fifty,male,4,9,Reliable
married,twentyone_to_thirty,kids_to_fifth,to_fifty,male,4,9,Reliable
married,twentyone_to_thirty,kids_to_twelfth,to_fifty,female,4,9,Reliable
remarried,three_to_five,kids_to_fifth,to_thirty,male,4,9,Reliable
dating,over_thirty,kids_none,to_sixty,female,4,10,Reliable
dating,twentyone_to_thirty,kids_to_twelfth,to_fifty,male,4,10,Reliable
dating,under_two,kids_under_five,to_twentyfour,female,4,10,Reliable
engaged,over_thirty,kids_none,to_fifty,male,4,10,Reliable
engaged,over_thirty,kids_to_twelfth,to_sixty,female,4,10,Reliable
engaged,twentyone_to_thirty,kids_none,to_fifty,male,4,10,Reliable
engaged,under_two,kids_under_five,to_twentyfour,male,4,10,Reliable
married,over_thirty,kids_none,to_fifty,female,4,10,Reliable
married,over_thirty,kids_none,to_sixty,female,4,10,Reliable
married,over_thirty,kids_none,to_sixty,female,4,10,Reliable
married,over_thirty,kids_to_twelfth,to_fifty,male,4,10,Reliable
married,three_to_five,kids_to_fifth,to_thirty,female,4,10,Reliable
married,twentyone_to_thirty,adult_children,to_seventy,male,4,10,Reliable
married,twentyone_to_thirty,kids_none,to_fifty,female,4,10,Reliable
married,twentyone_to_thirty,kids_to_twelfth,to_fifty,female,4,10,Reliable
remarried,eleven_to_twenty,kids_none,to_forty,male,4,10,Reliable
engaged,over_thirty,kids_none,to_fifty,male,5,0,Tentative
engaged,over_thirty,kids_none,to_fifty,male,5,0,Tentative
living_together,twentyone_to_thirty,adult_children,to_sixty,male,5,0,Tentative
living_together,twentyone_to_thirty,kids_to_twelfth,to_sixty,female,5,0,Tentative
married,over_thirty,kids_to_twelfth,to_fifty,male,5,0,Tentative
married,six_to_ten,kids_to_fifth,to_forty,male,5,0,Tentative
married,twentyone_to_thirty,kids_to_twelfth,to_fifty,male,5,0,Tentative
remarried,eleven_to_twenty,kids_to_fifth,to_thirty,male,5,0,Tentative
remarried,over_thirty,kids_to_twelfth,to_fifty,male,5,0,Tentative
remarried,over_thirty,kids_to_twelfth,to_fifty,male,5,0,Tentative
remarried,over_thirty,kids_under_five,to_fifty,female,5,0,Tentative
remarried,six_to_ten,kids_none,to_twentyfour,female,5,0,Tentative
remarried,twentyone_to_thirty,kids_none,to_fifty,male,5,0,Tentative
married,eleven_to_twenty,kids_to_fifth,to_thirty,male,5,1,Tentative
married,over_thirty,kids_to_twelfth,to_fifty,male,5,1,Tentative
married,twentyone_to_thirty,kids_to_twelfth,to_fifty,female,5,1,Tentative
married,under_two,kids_none,to_twentyfour,male,5,1,Tentative
remarried,twentyone_to_thirty,kids_none,to_fifty,male,5,1,Tentative
remarried,twentyone_to_thirty,kids_none,to_fifty,male,5,1,Tentative
remarried,twentyone_to_thirty,kids_none,to_sixty,female,5,1,Tentative
dating,eleven_to_twenty,kids_to_fifth,to_fifty,male,5,2,Tentative
engaged,twentyone_to_thirty,kids_under_five,to_fifty,female,5,2,Tentative
living_together,eleven_to_twenty,kids_under_five,to_forty,female,5,2,Tentative
married,over_thirty,kids_to_twelfth,to_fifty,male,5,2,Tentative
married,twentyone_to_thirty,kids_to_twelfth,to_fifty,male,5,2,Tentative
married,under_two,kids_under_five,to_twentyfour,female,5,2,Tentative
married,under_two,kids_under_five,to_twentyfour,female,5,2,Tentative
married,under_two,kids_under_five,to_twentyfour,male,5,2,Tentative
remarried,eleven_to_twenty,kids_none,to_forty,male,5,2,Tentative
remarried,eleven_to_twenty,kids_none,to_thirty,male,5,2,Tentative
dating,twentyone_to_thirty,kids_to_twelfth,to_fifty,female,5,3,Tentative
engaged,under_two,kids_under_five,to_twentyfour,male,5,3,Tentative
married,over_thirty,kids_to_twelfth,to_fifty,female,5,3,Tentative
married,three_to_five,adult_children,to_fifty,male,5,3,Tentative
married,twentyone_to_thirty,kids_to_twelfth,to_fifty,female,5,3,Tentative
married,under_two,kids_none,to_thirty,female,5,3,Tentative
remarried,eleven_to_twenty,kids_to_fifth,to_thirty,male,5,3,Tentative
remarried,over_thirty,kids_none,to_sixty,male,5,3,Tentative
remarried,six_to_ten,kids_to_fifth,to_twentyfour,female,5,3,Tentative
remarried,twentyone_to_thirty,kids_none,to_fifty,male,5,3,Tentative
remarried,under_two,kids_under_five,to_forty,female,5,3,Tentative
dating,twentyone_to_thirty,adult_children,to_sixty,male,5,4,Steady
dating,twentyone_to_thirty,kids_none,to_fifty,female,5,4,Steady
engaged,under_two,kids_none,to_thirty,female,5,4,Steady
living_together,twentyone_to_thirty,kids_none,to_fifty,male,5,4,Steady
living_together,twentyone_to_thirty,kids_to_twelfth,to_fifty,female,5,4,Steady
married,eleven_to_twenty,kids_none,to_thirty,male,5,4,Steady
married,over_thirty,kids_none,to_seventy,male,5,4,Steady
married,six_to_ten,kids_none,to_thirty,male,5,4,Steady
married,six_to_ten,kids_under_five,to_thirty,male,5,4,Steady
married,three_to_five,kids_none,to_twentyfour,female,5,4,Steady
married,twentyone_to_thirty,kids_to_fifth,to_fifty,male,5,4,Steady
married,twentyone_to_thirty,kids_to_twelfth,to_fifty,male,5,4,Steady
married,under_two,kids_none,to_thirty,female,5,4,Steady
married,under_two,kids_none,to_twentyfour,female,5,4,Steady
remarried,eleven_to_twenty,kids_none,to_thirty,male,5,4,Steady
remarried,over_thirty,kids_none,to_fifty,female,5,4,Steady
remarried,over_thirty,kids_none,to_sixty,male,5,4,Steady
remarried,over_thirty,kids_to_twelfth,to_fifty,male,5,4,Steady
remarried,six_to_ten,kids_to_fifth,to_thirty,female,5,4,Steady
remarried,six_to_ten,kids_to_fifth,to_thirty,female,5,4,Steady
dating,under_two,kids_under_five,to_twentyfour,female,5,5,Steady
engaged,eleven_to_twenty,kids_none,to_forty,female,5,5,Steady
engaged,eleven_to_twenty,kids_to_twelfth,to_forty,male,5,5,Steady
married,over_thirty,kids_none,to_fifty,male,5,5,Steady
married,over_thirty,kids_none,to_fifty,male,5,5,Steady
married,over_thirty,kids_to_twelfth,to_fifty,male,5,5,Steady
married,three_to_five,kids_under_five,to_forty,female,5,5,Steady
married,twentyone_to_thirty,adult_children,to_seventy,male,5,5,Steady
married,twentyone_to_thirty,kids_to_twelfth,to_fifty,female,5,5,Steady
married,twentyone_to_thirty,kids_to_twelfth,to_fifty,male,5,5,Steady
married,under_two,kids_under_five,to_twentyfour,female,5,5,Steady
remarried,three_to_five,kids_under_five,to_thirty,male,5,5,Steady
dating,eleven_to_twenty,kids_to_fifth,to_forty,male,5,6,Steady
dating,over_thirty,kids_under_five,to_fifty,male,5,6,Steady
dating,twentyone_to_thirty,kids_to_twelfth,to_sixty,male,5,6,Steady
dating,under_two,kids_under_five,to_twentyfour,female,5,6,Steady
engaged,over_thirty,kids_none,to_fifty,male,5,6,Steady
engaged,twentyone_to_thirty,kids_none,to_fifty,male,5,6,Steady
engaged,twentyone_to_thirty,kids_under_five,to_fifty,female,5,6,Steady
married,eleven_to_twenty,kids_none,to_forty,male,5,6,Steady
married,over_thirty,kids_to_fifth,to_fifty,male,5,6,Steady
married,over_thirty,kids_under_five,to_fifty,female,5,6,Steady
married,six_to_ten,kids_under_five,to_thirty,male,5,6,Steady
married,three_to_five,kids_none,to_twentyfour,female,5,6,Steady
married,three_to_five,kids_under_five,to_thirty,male,5,6,Steady
married,twentyone_to_thirty,adult_children,to_seventy,male,5,6,Steady
married,twentyone_to_thirty,kids_to_twelfth,to_fifty,female,5,6,Steady
married,twentyone_to_thirty,kids_to_twelfth,to_fifty,female,5,6,Steady
married,twentyone_to_thirty,kids_to_twelfth,to_fifty,male,5,6,Steady
married,under_two,kids_none,to_twentyfour,female,5,6,Steady
remarried,twentyone_to_thirty,kids_to_twelfth,to_fifty,female,5,6,Steady
married,eleven_to_twenty,kids_none,to_forty,male,5,7,Reliable
married,eleven_to_twenty,kids_to_fifth,to_forty,female,5,7,Reliable
married,eleven_to_twenty,kids_to_fifth,to_forty,female,5,7,Reliable
married,over_thirty,kids_none,to_fifty,male,5,7,Reliable
married,over_thirty,kids_to_twelfth,to_fifty,female,5,7,Reliable
married,twentyone_to_thirty,adult_children,to_sixty,female,5,7,Reliable
married,twentyone_to_thirty,kids_none,to_fifty,female,5,7,Reliable
married,under_two,kids_under_five,to_twentyfour,female,5,7,Reliable
remarried,eleven_to_twenty,adult_children,to_fifty,male,5,7,Reliable
dating,under_two,kids_none,under_eighteen,male,5,8,Reliable
living_together,over_thirty,kids_none,to_seventy,male,5,8,Reliable
living_together,over_thirty,kids_none,to_sixty,male,5,8,Reliable
married,eleven_to_twenty,kids_to_fifth,to_thirty,male,5,8,Reliable
married,over_thirty,kids_none,to_fifty,male,5,8,Reliable
married,three_to_five,kids_none,to_forty,female,5,8,Reliable
married,twentyone_to_thirty,adult_children,to_sixty,female,5,8,Reliable
married,under_two,kids_none,to_thirty,female,5,8,Reliable
remarried,eleven_to_twenty,kids_under_five,to_forty,female,5,8,Reliable
remarried,three_to_five,kids_none,to_fifty,male,5,8,Reliable
remarried,twentyone_to_thirty,kids_none,to_fifty,male,5,8,Reliable
dating,twentyone_to_thirty,kids_to_twelfth,to_sixty,male,5,9,Reliable
living_together,over_thirty,kids_none,to_fifty,male,5,9,Reliable
married,eleven_to_twenty,kids_to_fifth,to_fifty,female,5,9,Reliable
married,over_thirty,kids_none,to_sixty,male,5,9,Reliable
married,over_thirty,kids_to_fifth,to_fifty,male,5,9,Reliable
married,twentyone_to_thirty,adult_children,to_sixty,female,5,9,Reliable
married,under_two,kids_none,to_thirty,male,5,9,Reliable
remarried,over_thirty,kids_to_twelfth,to_fifty,female,5,9,Reliable
remarried,six_to_ten,kids_to_fifth,to_thirty,female,5,9,Reliable
remarried,twentyone_to_thirty,kids_none,to_seventy,male,5,9,Reliable
remarried,twentyone_to_thirty,kids_to_twelfth,to_fifty,female,5,9,Reliable
dating,over_thirty,kids_under_five,to_fifty,male,5,10,Reliable
dating,twentyone_to_thirty,kids_under_five,to_fifty,male,5,10,Reliable
engaged,under_two,kids_under_five,to_thirty,male,5,10,Reliable
living_together,eleven_to_twenty,kids_to_fifth,to_forty,female,5,10,Reliable
living_together,eleven_to_twenty,kids_to_twelfth,to_fifty,female,5,10,Reliable
married,six_to_ten,kids_to_fifth,to_forty,male,5,10,Reliable
married,twentyone_to_thirty,kids_to_twelfth,to_fifty,female,5,10,Reliable
married,under_two,kids_none,under_eighteen,male,5,10,Reliable
remarried,over_thirty,kids_to_twelfth,to_fifty,male,5,10,Reliable
remarried,twentyone_to_thirty,kids_none,to_fifty,male,5,10,Reliable
remarried,under_two,kids_none,to_thirty,male,5,10,Reliable
remarried,under_two,kids_under_five,to_forty,female,5,10,Reliable
dating,twentyone_to_thirty,kids_none,to_fifty,female,6,0,Tentative
engaged,over_thirty,kids_under_five,to_fifty,female,6,0,Tentative
living_together,under_two,kids_under_five,to_forty,female,6,0,Tentative
married,over_thirty,kids_to_twelfth,to_fifty,female,6,0,Tentative
married,three_to_five,kids_to_fifth,to_thirty,female,6,0,Tentative
married,under_two,kids_none,to_thirty,male,6,0,Tentative
remarried,over_thirty,kids_to_fifth,to_fifty,male,6,0,Tentative
dating,six_to_ten,kids_none,to_twentyfour,male,6,1,Tentative
dating,twentyone_to_thirty,adult_children,to_sixty,male,6,1,Tentative
dating,twentyone_to_thirty,kids_none,to_fifty,male,6,1,Tentative
dating,under_two,kids_under_five,to_twentyfour,female,6,1,Tentative
engaged,three_to_five,kids_under_five,under_eighteen,male,6,1,Tentative
married,over_thirty,kids_none,to_fifty,male,6,1,Tentative
married,over_thirty,kids_to_twelfth,to_fifty,male,6,1,Tentative
remarried,eleven_to_twenty,kids_none,to_thirty,male,6,1,Tentative
engaged,six_to_ten,kids_to_fifth,to_thirty,female,6,2,Tentative
engaged,six_to_ten,kids_to_fifth,to_twentyfour,female,6,2,Tentative
engaged,twentyone_to_thirty,adult_children,to_fifty,male,6,2,Tentative
living_together,over_thirty,kids_to_twelfth,to_fifty,male,6,2,Tentative
married,over_thirty,kids_none,to_fifty,male,6,2,Tentative
married,over_thirty,kids_none,to_fifty,male,6,2,Tentative
married,over_thirty,kids_under_five,to_fifty,female,6,2,Tentative
married,twentyone_to_thirty,kids_to_twelfth,to_fifty,male,6,2,Tentative
remarried,six_to_ten,kids_to_fifth,to_thirty,female,6,2,Tentative
remarried,twentyone_to_thirty,adult_children,to_fifty,male,6,2,Tentative
remarried,twentyone_to_thirty,kids_none,to_sixty,male,6,2,Tentative
dating,six_to_ten,kids_none,to_twentyfour,male,6,3,Tentative
engaged,under_two,kids_under_five,to_thirty,male,6,3,Tentative
living_together,over_thirty,kids_none,to_fifty,male,6,3,Tentative
living_together,over_thirty,kids_none,to_sixty,male,6,3,Tentative
living_together,over_thirty,kids_to_twelfth,to_fifty,male,6,3,Tentative
living_together,six_to_ten,kids_under_five,to_fifty,female,6,3,Tentative
living_together,twentyone_to_thirty,kids_none,to_sixty,male,6,3,Tentative
married,eleven_to_twenty,kids_to_fifth,to_thirty,male,6,3,Tentative
married,eleven_to_twenty,kids_to_fifth,to_thirty,male,6,3,Tentative
married,over_thirty,kids_none,to_sixty,female,6,3,Tentative
married,twentyone_to_thirty,adult_children,to_sixty,female,6,3,Tentative
remarried,twentyone_to_thirty,kids_none,to_sixty,female,6,3,Tentative
remarried,twentyone_to_thirty,kids_none,to_sixty,female,6,3,Tentative
remarried,twentyone_to_thirty,kids_to_twelfth,to_fifty,female,6,3,Tentative
dating,over_thirty,adult_children,to_sixty,female,6,4,Tentative
dating,twentyone_to_thirty,kids_to_twelfth,to_fifty,female,6,4,Tentative
dating,under_two,kids_under_five,under_eighteen,female,6,4,Tentative
engaged,over_thirty,kids_under_five,to_fifty,female,6,4,Tentative
living_together,over_thirty,kids_to_twelfth,to_fifty,male,6,4,Tentative
living_together,twentyone_to_thirty,kids_none,to_seventy,male,6,4,Tentative
living_together,under_two,kids_none,to_thirty,female,6,4,Tentative
married,over_thirty,kids_to_twelfth,to_fifty,male,6,4,Tentative
married,six_to_ten,kids_under_five,to_thirty,male,6,4,Tentative
married,twentyone_to_thirty,adult_children,to_seventy,male,6,4,Tentative
married,under_two,kids_none,to_twentyfour,female,6,4,Tentative
remarried,eleven_to_twenty,kids_none,to_thirty,male,6,4,Tentative
remarried,eleven_to_twenty,kids_to_fifth,to_thirty,male,6,4,Tentative
remarried,over_thirty,kids_none,to_fifty,female,6,4,Tentative
remarried,twentyone_to_thirty,kids_to_fifth,to_fifty,female,6,4,Tentative
remarried,under_two,kids_none,to_twentyfour,male,6,4,Tentative
dating,over_thirty,kids_none,to_sixty,female,6,5,Steady
engaged,over_thirty,kids_under_five,to_sixty,female,6,5,Steady
married,eleven_to_twenty,kids_none,to_thirty,male,6,5,Steady
married,over_thirty,kids_none,to_fifty,male,6,5,Steady
married,over_thirty,kids_to_twelfth,to_fifty,male,6,5,Steady
married,twentyone_to_thirty,kids_to_twelfth,to_fifty,female,6,5,Steady
married,under_two,kids_under_five,to_thirty,female,6,5,Steady
married,under_two,kids_under_five,to_thirty,female,6,5,Steady
remarried,eleven_to_twenty,kids_to_twelfth,to_forty,female,6,5,Steady
remarried,six_to_ten,kids_to_fifth,to_twentyfour,female,6,5,Steady
dating,under_two,kids_under_five,to_twentyfour,female,6,6,Reliable
engaged,eleven_to_twenty,kids_none,to_thirty,female,6,6,Reliable
engaged,eleven_to_twenty,kids_to_fifth,to_forty,male,6,6,Reliable
married,eleven_to_twenty,kids_none,to_forty,male,6,6,Reliable
married,over_thirty,kids_none,to_fifty,male,6,6,Reliable
married,over_thirty,kids_to_twelfth,to_fifty,female,6,6,Reliable
married,over_thirty,kids_to_twelfth,to_fifty,female,6,6,Reliable
married,three_to_five,kids_under_five,to_forty,male,6,6,Reliable
remarried,over_thirty,kids_none,to_fifty,female,6,6,Reliable
living_together,twentyone_to_thirty,adult_children,to_sixty,male,6,7,Reliable
married,over_thirty,adult_children,to_sixty,female,6,7,Reliable
married,over_thirty,kids_none,to_sixty,female,6,7,Reliable
married,twentyone_to_thirty,kids_none,to_fifty,female,6,7,Reliable
remarried,over_thirty,kids_to_fifth,to_fifty,male,6,7,Reliable
remarried,under_two,kids_to_twelfth,to_forty,female,6,7,Reliable
dating,under_two,kids_under_five,under_eighteen,female,6,8,Reliable
engaged,over_thirty,kids_to_fifth,to_fifty,male,6,8,Reliable
engaged,twentyone_to_thirty,kids_to_twelfth,to_fifty,female,6,8,Reliable
married,eleven_to_twenty,kids_under_five,to_thirty,male,6,8,Reliable
married,three_to_five,kids_under_five,to_forty,female,6,8,Reliable
married,twentyone_to_thirty,adult_children,to_seventy,male,6,8,Reliable
married,twentyone_to_thirty,kids_none,to_fifty,male,6,8,Reliable
married,twentyone_to_thirty,kids_to_twelfth,to_fifty,male,6,8,Reliable
remarried,over_thirty,kids_none,to_sixty,male,6,8,Reliable
remarried,over_thirty,kids_none,to_sixty,male,6,8,Reliable
remarried,over_thirty,kids_to_twelfth,to_fifty,male,6,8,Reliable
remarried,three_to_five,kids_to_fifth,to_thirty,male,6,8,Reliable
remarried,twentyone_to_thirty,kids_none,to_fifty,male,6,8,Reliable
engaged,three_to_five,kids_to_fifth,to_thirty,male,6,9,Reliable
living_together,over_thirty,adult_children,to_fifty,female,6,9,Reliable
living_together,over_thirty,kids_none,to_sixty,male,6,9,Reliable
living_together,under_two,kids_under_five,to_twentyfour,male,6,9,Reliable
married,eleven_to_twenty,adult_children,to_fifty,male,6,9,Reliable
married,eleven_to_twenty,kids_none,to_forty,male,6,9,Reliable
married,three_to_five,kids_under_five,to_thirty,male,6,9,Reliable
married,under_two,kids_none,to_thirty,female,6,9,Reliable
remarried,twentyone_to_thirty,kids_none,to_sixty,female,6,9,Reliable
dating,under_two,kids_none,under_eighteen,male,6,10,Reliable
dating,under_two,kids_none,under_eighteen,female,6,10,Reliable
engaged,three_to_five,kids_to_fifth,to_thirty,male,6,10,Reliable
living_together,eleven_to_twenty,kids_none,to_thirty,female,6,10,Reliable
living_together,under_two,kids_none,to_thirty,female,6,10,Reliable
married,over_thirty,kids_none,to_fifty,male,6,10,Reliable
married,three_to_five,kids_under_five,to_twentyfour,male,6,10,Reliable
remarried,over_thirty,kids_to_twelfth,to_fifty,male,6,10,Reliable
remarried,six_to_ten,kids_to_fifth,to_thirty,female,6,10,Reliable
remarried,three_to_five,kids_to_twelfth,to_forty,male,6,10,Reliable
remarried,twentyone_to_thirty,adult_children,to_fifty,male,6,10,Reliable
remarried,under_two,kids_none,to_twentyfour,male,6,10,Reliable
dating,eleven_to_twenty,kids_to_fifth,to_forty,male,7,0,Shallow
engaged,twentyone_to_thirty,kids_none,to_fifty,female,7,0,Shallow
living_together,twentyone_to_thirty,kids_none,to_fifty,male,7,0,Shallow
married,eleven_to_twenty,kids_to_fifth,to_thirty,male,7,0,Shallow
married,over_thirty,kids_to_fifth,to_fifty,male,7,0,Shallow
married,six_to_ten,kids_under_five,to_thirty,male,7,0,Shallow
married,three_to_five,kids_under_five,to_thirty,male,7,0,Shallow
remarried,over_thirty,kids_to_twelfth,to_fifty,female,7,0,Shallow
remarried,six_to_ten,kids_under_five,to_forty,female,7,0,Shallow
dating,over_thirty,kids_under_five,to_fifty,male,7,1,Fickle
dating,under_two,kids_none,under_eighteen,male,7,1,Fickle
dating,under_two,kids_none,under_eighteen,female,7,1,Fickle
engaged,under_two,kids_none,to_twentyfour,female,7,1,Fickle
married,over_thirty,kids_none,to_sixty,female,7,1,Fickle
married,three_to_five,kids_none,to_thirty,female,7,1,Fickle
married,twentyone_to_thirty,kids_to_twelfth,to_fifty,female,7,1,Fickle
married,twentyone_to_thirty,kids_under_five,to_fifty,male,7,1,Fickle
married,under_two,kids_under_five,under_eighteen,male,7,1,Fickle
remarried,under_two,kids_under_five,to_thirty,female,7,1,Fickle
dating,under_two,kids_none,under_eighteen,male,7,2,Fickle
engaged,over_thirty,adult_children,to_fifty,male,7,2,Fickle
engaged,under_two,kids_none,to_twentyfour,female,7,2,Fickle
married,eleven_to_twenty,kids_none,to_thirty,female,7,2,Fickle
married,eleven_to_twenty,kids_to_twelfth,to_forty,male,7,2,Fickle
remarried,eleven_to_twenty,kids_to_fifth,to_thirty,male,7,2,Fickle
dating,over_thirty,kids_under_five,to_fifty,male,7,3,Fickle
engaged,six_to_ten,kids_under_five,to_thirty,female,7,3,Fickle
living_together,under_two,kids_under_five,to_forty,female,7,3,Fickle
married,eleven_to_twenty,kids_under_five,to_thirty,male,7,3,Fickle
married,over_thirty,kids_none,to_fifty,male,7,3,Fickle
married,over_thirty,kids_to_twelfth,to_fifty,male,7,3,Fickle
married,six_to_ten,kids_none,to_thirty,male,7,3,Fickle
married,under_two,kids_under_five,to_thirty,female,7,3,Fickle
married,over_thirty,kids_none,to_fifty,male,7,4,Hopeful
married,twentyone_to_thirty,kids_to_twelfth,to_fifty,female,7,4,Hopeful
remarried,eleven_to_twenty,kids_none,to_forty,male,7,4,Hopeful
remarried,over_thirty,kids_to_twelfth,to_fifty,male,7,4,Hopeful
remarried,three_to_five,kids_under_five,to_fifty,male,7,4,Hopeful
remarried,twentyone_to_thirty,adult_children,to_fifty,male,7,4,Hopeful
remarried,under_two,kids_under_five,to_twentyfour,female,7,4,Hopeful
dating,over_thirty,kids_none,to_fifty,female,7,5,Hopeful
dating,six_to_ten,kids_to_fifth,to_twentyfour,male,7,5,Hopeful
living_together,eleven_to_twenty,kids_under_five,to_fifty,female,7,5,Hopeful
married,three_to_five,kids_under_five,to_fifty,female,7,5,Hopeful
married,twentyone_to_thirty,kids_none,to_fifty,male,7,5,Hopeful
married,twentyone_to_thirty,kids_to_fifth,to_fifty,male,7,5,Hopeful
married,under_two,kids_under_five,to_thirty,male,7,5,Hopeful
married,under_two,kids_under_five,under_eighteen,male,7,5,Hopeful
remarried,over_thirty,kids_to_twelfth,to_fifty,male,7,5,Hopeful
remarried,three_to_five,kids_to_fifth,to_forty,male,7,5,Hopeful
remarried,twentyone_to_thirty,kids_none,to_sixty,male,7,5,Hopeful
remarried,twentyone_to_thirty,kids_none,to_sixty,female,7,5,Hopeful
remarried,twentyone_to_thirty,kids_none,to_sixty,female,7,5,Hopeful
dating,under_two,kids_under_five,to_twentyfour,female,7,6,Hopeful
engaged,six_to_ten,kids_under_five,to_twentyfour,male,7,6,Hopeful
living_together,over_thirty,kids_to_twelfth,to_fifty,male,7,6,Hopeful
living_together,over_thirty,kids_to_twelfth,to_fifty,male,7,6,Hopeful
living_together,over_thirty,kids_to_twelfth,to_fifty,male,7,6,Hopeful
living_together,over_thirty,kids_to_twelfth,to_fifty,male,7,6,Hopeful
married,eleven_to_twenty,kids_none,to_thirty,female,7,6,Hopeful
married,eleven_to_twenty,kids_to_fifth,to_fifty,female,7,6,Hopeful
married,six_to_ten,kids_none,to_thirty,male,7,6,Hopeful
married,twentyone_to_thirty,kids_to_fifth,to_fifty,male,7,6,Hopeful
married,twentyone_to_thirty,kids_to_twelfth,to_fifty,male,7,6,Hopeful
married,under_two,kids_none,to_thirty,female,7,6,Hopeful
married,under_two,kids_under_five,to_twentyfour,female,7,6,Hopeful
remarried,over_thirty,kids_to_fifth,to_fifty,male,7,6,Hopeful
remarried,twentyone_to_thirty,kids_to_twelfth,to_fifty,female,7,6,Hopeful
remarried,under_two,kids_none,to_twentyfour,male,7,6,Hopeful
remarried,under_two,kids_to_fifth,to_forty,female,7,6,Hopeful
dating,eleven_to_twenty,kids_none,to_forty,male,7,7,Strong
dating,under_two,kids_none,to_twentyfour,male,7,7,Strong
living_together,over_thirty,kids_none,to_fifty,male,7,7,Strong
living_together,six_to_ten,kids_none,to_thirty,female,7,7,Strong
living_together,twentyone_to_thirty,adult_children,to_fifty,male,7,7,Strong
married,eleven_to_twenty,adult_children,to_sixty,male,7,7,Strong
married,twentyone_to_thirty,kids_to_twelfth,to_fifty,male,7,7,Strong
married,under_two,kids_none,to_thirty,female,7,7,Strong
remarried,over_thirty,kids_none,to_fifty,female,7,7,Strong
dating,eleven_to_twenty,kids_to_fifth,to_fifty,male,7,8,Strong
dating,twentyone_to_thirty,adult_children,to_sixty,male,7,8,Strong
dating,under_two,kids_none,under_eighteen,male,7,8,Strong
engaged,over_thirty,kids_none,to_fifty,male,7,8,Strong
engaged,over_thirty,kids_none,to_sixty,male,7,8,Strong
married,eleven_to_twenty,kids_under_five,to_forty,male,7,8,Strong
married,over_thirty,kids_to_twelfth,to_fifty,female,7,8,Strong
married,twentyone_to_thirty,adult_children,to_fifty,male,7,8,Strong
married,under_two,kids_none,to_thirty,male,7,8,Strong
married,under_two,kids_under_five,to_twentyfour,female,7,8,Strong
remarried,over_thirty,adult_children,to_fifty,female,7,8,Strong
engaged,eleven_to_twenty,kids_to_fifth,to_forty,female,7,9,Strong
engaged,eleven_to_twenty,kids_to_fifth,to_thirty,male,7,9,Strong
engaged,twentyone_to_thirty,kids_none,to_seventy,female,7,9,Strong
engaged,twentyone_to_thirty,kids_to_twelfth,to_fifty,female,7,9,Strong
living_together,under_two,kids_none,to_thirty,female,7,9,Strong
married,over_thirty,kids_none,to_fifty,male,7,9,Strong
married,over_thirty,kids_to_twelfth,to_fifty,female,7,9,Strong
married,twentyone_to_thirty,kids_to_fifth,to_fifty,male,7,9,Strong
married,twentyone_to_thirty,kids_to_twelfth,to_fifty,male,7,9,Strong
married,under_two,kids_under_five,to_thirty,male,7,9,Strong
remarried,over_thirty,adult_children,to_fifty,female,7,9,Strong
remarried,twentyone_to_thirty,kids_to_twelfth,to_fifty,female,7,9,Strong
dating,under_two,kids_under_five,to_twentyfour,female,7,10,Thriving
engaged,twentyone_to_thirty,kids_to_twelfth,to_fifty,female,7,10,Thriving
living_together,over_thirty,kids_to_twelfth,to_fifty,male,7,10,Thriving
living_together,under_two,kids_under_five,to_forty,female,7,10,Thriving
married,six_to_ten,kids_under_five,to_thirty,male,7,10,Thriving
married,twentyone_to_thirty,adult_children,to_sixty,female,7,10,Thriving
married,twentyone_to_thirty,kids_none,to_fifty,female,7,10,Thriving
married,twentyone_to_thirty,kids_to_twelfth,to_fifty,female,7,10,Thriving
married,twentyone_to_thirty,kids_under_five,to_fifty,male,7,10,Thriving
married,under_two,kids_none,under_eighteen,male,7,10,Thriving
remarried,eleven_to_twenty,kids_none,to_forty,male,7,10,Thriving
remarried,under_two,kids_under_five,to_forty,female,7,10,Thriving
remarried,under_two,kids_under_five,under_eighteen,female,7,10,Thriving
dating,twentyone_to_thirty,kids_none,to_sixty,female,8,0,Shallow
engaged,under_two,kids_under_five,to_twentyfour,male,8,0,Shallow
living_together,eleven_to_twenty,kids_none,to_thirty,female,8,0,Shallow
married,over_thirty,kids_none,to_sixty,female,8,0,Shallow
married,over_thirty,kids_to_twelfth,to_fifty,female,8,0,Shallow
married,over_thirty,kids_under_five,to_fifty,female,8,0,Shallow
married,twentyone_to_thirty,adult_children,to_fifty,male,8,0,Shallow
married,twentyone_to_thirty,adult_children,to_seventy,male,8,0,Shallow
married,twentyone_to_thirty,kids_to_twelfth,to_fifty,female,8,0,Shallow
married,under_two,kids_under_five,to_forty,male,8,0,Shallow
married,under_two,kids_under_five,to_thirty,male,8,0,Shallow
remarried,twentyone_to_thirty,adult_children,to_fifty,male,8,0,Shallow
engaged,over_thirty,kids_none,to_fifty,male,8,1,Fickle
living_together,over_thirty,kids_to_twelfth,to_fifty,male,8,1,Fickle
living_together,six_to_ten,kids_under_five,to_twentyfour,female,8,1,Fickle
living_together,twentyone_to_thirty,adult_children,to_fifty,male,8,1,Fickle
married,twentyone_to_thirty,adult_children,to_fifty,male,8,1,Fickle
married,under_two,kids_under_five,to_thirty,female,8,1,Fickle
remarried,over_thirty,kids_none,to_fifty,male,8,1,Fickle
remarried,twentyone_to_thirty,adult_children,to_fifty,male,8,1,Fickle
dating,over_thirty,kids_to_twelfth,to_fifty,female,8,2,Fickle
dating,under_two,kids_under_five,to_twentyfour,female,8,2,Fickle
engaged,over_thirty,kids_none,to_sixty,male,8,2,Fickle
engaged,under_two,kids_none,to_twentyfour,female,8,2,Fickle
engaged,under_two,kids_none,to_twentyfour,female,8,2,Fickle
living_together,twentyone_to_thirty,kids_to_twelfth,to_fifty,male,8,2,Fickle
living_together,under_two,kids_under_five,to_twentyfour,male,8,2,Fickle
married,eleven_to_twenty,kids_none,to_thirty,male,8,2,Fickle
remarried,over_thirty,kids_to_twelfth,to_fifty,male,8,2,Fickle
remarried,over_thirty,kids_to_twelfth,to_fifty,male,8,2,Fickle
remarried,twentyone_to_thirty,kids_none,to_fifty,male,8,2,Fickle
remarried,twentyone_to_thirty,kids_none,to_sixty,male,8,2,Fickle
dating,three_to_five,kids_none,to_thirty,male,8,3,Fickle
dating,under_two,kids_none,under_eighteen,male,8,3,Fickle
dating,under_two,kids_none,under_eighteen,male,8,3,Fickle
engaged,eleven_to_twenty,kids_to_fifth,to_forty,female,8,3,Fickle
engaged,over_thirty,kids_none,to_fifty,male,8,3,Fickle
married,eleven_to_twenty,kids_to_fifth,to_forty,female,8,3,Fickle
married,over_thirty,kids_none,to_fifty,female,8,3,Fickle
married,over_thirty,kids_none,to_fifty,female,8,3,Fickle
married,over_thirty,kids_none,to_fifty,male,8,3,Fickle
married,over_thirty,kids_none,to_fifty,male,8,3,Fickle
married,over_thirty,kids_to_fifth,to_fifty,male,8,3,Fickle
married,twentyone_to_thirty,kids_none,to_fifty,male,8,3,Fickle
married,twentyone_to_thirty,kids_none,to_fifty,male,8,3,Fickle
married,twentyone_to_thirty,kids_to_fifth,to_fifty,male,8,3,Fickle
married,under_two,kids_under_five,to_thirty,female,8,3,Fickle
remarried,six_to_ten,kids_none,to_twentyfour,female,8,3,Fickle
remarried,three_to_five,kids_to_fifth,to_forty,male,8,3,Fickle
remarried,twentyone_to_thirty,kids_to_twelfth,to_fifty,female,8,3,Fickle
dating,twentyone_to_thirty,kids_none,to_fifty,female,8,4,Hopeful
dating,under_two,kids_under_five,to_twentyfour,female,8,4,Hopeful
engaged,over_thirty,kids_under_five,to_fifty,female,8,4,Hopeful
engaged,twentyone_to_thirty,kids_under_five,to_fifty,female,8,4,Hopeful
engaged,twentyone_to_thirty,kids_under_five,to_fifty,female,8,4,Hopeful
living_together,over_thirty,kids_to_twelfth,to_fifty,male,8,4,Hopeful
married,eleven_to_twenty,kids_none,to_thirty,female,8,4,Hopeful
married,over_thirty,adult_children,to_seventy,male,8,4,Hopeful
married,over_thirty,kids_to_fifth,to_fifty,male,8,4,Hopeful
married,over_thirty,kids_to_fifth,to_fifty,male,8,4,Hopeful
married,over_thirty,kids_to_twelfth,to_fifty,male,8,4,Hopeful
married,over_thirty,kids_under_five,to_fifty,female,8,4,Hopeful
remarried,over_thirty,kids_under_five,to_fifty,female,8,4,Hopeful
remarried,twentyone_to_thirty,adult_children,to_sixty,male,8,4,Hopeful
dating,twentyone_to_thirty,kids_to_fifth,to_fifty,female,8,5,Hopeful
dating,under_two,kids_under_five,under_eighteen,female,8,5,Hopeful
engaged,over_thirty,kids_none,to_sixty,male,8,5,Hopeful
living_together,three_to_five,kids_none,to_twentyfour,female,8,5,Hopeful
married,eleven_to_twenty,kids_none,to_forty,male,8,5,Hopeful
married,eleven_to_twenty,kids_to_fifth,to_forty,male,8,5,Hopeful
married,under_two,kids_under_five,under_eighteen,male,8,5,Hopeful
remarried,over_thirty,kids_to_fifth,to_fifty,male,8,5,Hopeful
remarried,twentyone_to_thirty,kids_none,to_fifty,male,8,5,Hopeful
remarried,twentyone_to_thirty,kids_none,to_fifty,male,8,5,Hopeful
dating,under_two,kids_none,to_twentyfour,male,8,6,Hopeful
living_together,three_to_five,kids_none,to_thirty,female,8,6,Hopeful
married,over_thirty,kids_under_five,to_fifty,female,8,6,Hopeful
married,twentyone_to_thirty,kids_to_fifth,to_fifty,male,8,6,Hopeful
remarried,over_thirty,kids_none,to_sixty,male,8,6,Hopeful
remarried,over_thirty,kids_to_twelfth,to_fifty,male,8,6,Hopeful
remarried,six_to_ten,kids_under_five,to_fifty,female,8,6,Hopeful
remarried,twentyone_to_thirty,kids_none,to_sixty,male,8,6,Hopeful
engaged,six_to_ten,kids_under_five,to_twentyfour,male,8,7,Strong
engaged,under_two,kids_none,to_twentyfour,male,8,7,Strong
engaged,under_two,kids_under_five,to_twentyfour,male,8,7,Strong
living_together,eleven_to_twenty,kids_to_fifth,to_forty,female,8,7,Strong
living_together,twentyone_to_thirty,kids_none,to_fifty,male,8,7,Strong
married,over_thirty,kids_to_twelfth,to_fifty,male,8,7,Strong
married,three_to_five,kids_none,to_twentyfour,female,8,7,Strong
married,twentyone_to_thirty,adult_children,to_fifty,male,8,7,Strong
married,twentyone_to_thirty,adult_children,to_seventy,male,8,7,Strong
married,twentyone_to_thirty,kids_none,to_fifty,female,8,7,Strong
married,under_two,kids_under_five,to_thirty,female,8,7,Strong
married,under_two,kids_under_five,under_eighteen,male,8,7,Strong
remarried,six_to_ten,kids_under_five,to_fifty,female,8,7,Strong
remarried,twentyone_to_thirty,kids_to_twelfth,to_fifty,female,8,7,Strong
engaged,over_thirty,kids_to_twelfth,to_fifty,female,8,8,Strong
engaged,twentyone_to_thirty,kids_none,to_seventy,female,8,8,Strong
living_together,eleven_to_twenty,kids_under_five,to_thirty,female,8,8,Strong
living_together,eleven_to_twenty,kids_under_five,to_thirty,female,8,8,Strong
living_together,three_to_five,kids_to_fifth,to_forty,female,8,8,Strong
living_together,twentyone_to_thirty,kids_to_twelfth,to_fifty,female,8,8,Strong
married,over_thirty,kids_none,to_sixty,female,8,8,Strong
married,under_two,kids_none,to_twentyfour,male,8,8,Strong
married,under_two,kids_under_five,to_twentyfour,male,8,8,Strong
remarried,eleven_to_twenty,kids_none,to_thirty,male,8,8,Strong
remarried,eleven_to_twenty,kids_under_five,to_forty,female,8,8,Strong
remarried,twentyone_to_thirty,adult_children,to_fifty,male,8,8,Strong
married,over_thirty,kids_to_twelfth,to_fifty,female,8,9,Strong
married,twentyone_to_thirty,kids_to_twelfth,to_fifty,male,8,9,Strong
married,twentyone_to_thirty,kids_under_five,to_fifty,male,8,9,Strong
dating,over_thirty,kids_none,to_fifty,female,8,10,Thriving
engaged,under_two,kids_none,to_twentyfour,male,8,10,Thriving
living_together,eleven_to_twenty,kids_under_five,to_forty,female,8,10,Thriving
living_together,six_to_ten,kids_under_five,to_twentyfour,female,8,10,Thriving
married,three_to_five,kids_none,to_twentyfour,female,8,10,Thriving
married,twentyone_to_thirty,adult_children,to_sixty,female,8,10,Thriving
married,under_two,kids_under_five,to_thirty,male,8,10,Thriving
married,under_two,kids_under_five,to_thirty,female,8,10,Thriving
remarried,eleven_to_twenty,kids_none,to_thirty,male,8,10,Thriving
remarried,over_thirty,kids_to_fifth,to_fifty,male,8,10,Thriving
remarried,twentyone_to_thirty,kids_none,to_fifty,male,8,10,Thriving
remarried,twentyone_to_thirty,kids_none,to_fifty,male,8,10,Thriving
remarried,twentyone_to_thirty,kids_none,to_fifty,male,8,10,Thriving
remarried,twentyone_to_thirty,kids_none,to_fifty,male,8,10,Thriving
engaged,twentyone_to_thirty,kids_to_twelfth,to_fifty,female,9,0,Shallow
engaged,under_two,kids_under_five,to_thirty,male,9,0,Shallow
married,eleven_to_twenty,kids_under_five,to_forty,male,9,0,Shallow
married,over_thirty,kids_none,to_fifty,male,9,0,Shallow
married,over_thirty,kids_to_twelfth,to_fifty,female,9,0,Shallow
married,over_thirty,kids_to_twelfth,to_fifty,female,9,0,Shallow
married,three_to_five,kids_none,to_twentyfour,female,9,0,Shallow
married,twentyone_to_thirty,kids_to_fifth,to_fifty,male,9,0,Shallow
married,twentyone_to_thirty,kids_to_fifth,to_fifty,male,9,0,Shallow
married,twentyone_to_thirty,kids_to_twelfth,to_fifty,female,9,0,Shallow
remarried,eleven_to_twenty,kids_to_twelfth,to_forty,male,9,0,Shallow
remarried,over_thirty,adult_children,to_fifty,female,9,0,Shallow
remarried,three_to_five,kids_under_five,to_thirty,male,9,0,Shallow
remarried,twentyone_to_thirty,kids_none,to_seventy,male,9,0,Shallow
remarried,under_two,kids_none,to_thirty,female,9,0,Shallow
remarried,under_two,kids_under_five,to_forty,female,9,0,Shallow
dating,twentyone_to_thirty,kids_none,to_sixty,female,9,1,Shallow
engaged,eleven_to_twenty,kids_to_twelfth,to_forty,male,9,1,Shallow
engaged,six_to_ten,kids_to_fifth,to_forty,female,9,1,Shallow
living_together,eleven_to_twenty,kids_under_five,to_thirty,female,9,1,Shallow
married,over_thirty,kids_none,to_fifty,female,9,1,Shallow
married,six_to_ten,kids_none,to_thirty,male,9,1,Shallow
married,six_to_ten,kids_under_five,to_thirty,male,9,1,Shallow
married,three_to_five,kids_none,under_eighteen,female,9,1,Shallow
married,twentyone_to_thirty,adult_children,to_seventy,male,9,1,Shallow
married,twentyone_to_thirty,kids_to_twelfth,to_fifty,female,9,1,Shallow
living_together,eleven_to_twenty,adult_children,to_fifty,male,9,2,Fickle
living_together,three_to_five,kids_to_fifth,to_forty,female,9,2,Fickle
living_together,twentyone_to_thirty,kids_to_twelfth,to_fifty,male,9,2,Fickle
married,over_thirty,kids_to_fifth,to_fifty,male,9,2,Fickle
married,over_thirty,kids_to_twelfth,to_fifty,female,9,2,Fickle
married,three_to_five,kids_under_five,to_fifty,female,9,2,Fickle
married,twentyone_to_thirty,kids_none,to_fifty,female,9,2,Fickle
married,twentyone_to_thirty,kids_to_twelfth,to_fifty,female,9,2,Fickle
married,under_two,kids_under_five,to_thirty,male,9,2,Fickle
remarried,over_thirty,kids_to_fifth,to_fifty,male,9,2,Fickle
dating,over_thirty,kids_to_twelfth,to_fifty,female,9,3,Fickle
dating,three_to_five,kids_none,to_twentyfour,male,9,3,Fickle
living_together,over_thirty,kids_to_twelfth,to_fifty,male,9,3,Fickle
living_together,over_thirty,kids_under_five,to_fifty,female,9,3,Fickle
married,over_thirty,kids_to_twelfth,to_fifty,female,9,3,Fickle
remarried,three_to_five,kids_under_five,to_fifty,male,9,3,Fickle
remarried,twentyone_to_thirty,adult_children,to_fifty,male,9,3,Fickle
remarried,under_two,kids_under_five,to_thirty,female,9,3,Fickle
engaged,over_thirty,kids_to_twelfth,to_fifty,male,9,4,Hopeful
engaged,over_thirty,kids_under_five,to_fifty,female,9,4,Hopeful
engaged,under_two,kids_under_five,to_twentyfour,male,9,4,Hopeful
married,six_to_ten,kids_under_five,to_thirty,male,9,4,Hopeful
married,twentyone_to_thirty,kids_to_fifth,to_fifty,male,9,4,Hopeful
married,under_two,kids_none,to_thirty,female,9,4,Hopeful
remarried,over_thirty,kids_to_fifth,to_fifty,male,9,4,Hopeful
remarried,over_thirty,kids_to_twelfth,to_fifty,female,9,4,Hopeful
engaged,over_thirty,kids_none,to_fifty,male,9,5,Hopeful
married,eleven_to_twenty,kids_none,to_thirty,male,9,5,Hopeful
married,eleven_to_twenty,kids_under_five,to_thirty,male,9,5,Hopeful
married,over_thirty,kids_none,to_fifty,male,9,5,Hopeful
married,over_thirty,kids_none,to_sixty,female,9,5,Hopeful
married,over_thirty,kids_to_twelfth,to_fifty,male,9,5,Hopeful
married,twentyone_to_thirty,adult_children,to_sixty,female,9,5,Hopeful
married,twentyone_to_thirty,kids_to_twelfth,to_fifty,female,9,5,Hopeful
remarried,under_two,kids_none,to_forty,female,9,5,Hopeful
dating,three_to_five,kids_none,to_twentyfour,male,9,6,Hopeful
engaged,over_thirty,kids_none,to_fifty,male,9,6,Hopeful
engaged,twentyone_to_thirty,adult_children,to_fifty,male,9,6,Hopeful
living_together,over_thirty,kids_under_five,to_fifty,female,9,6,Hopeful
married,eleven_to_twenty,adult_children,to_fifty,male,9,6,Hopeful
married,eleven_to_twenty,kids_to_fifth,to_thirty,male,9,6,Hopeful
married,eleven_to_twenty,kids_under_five,to_forty,male,9,6,Hopeful
married,twentyone_to_thirty,kids_none,to_fifty,male,9,6,Hopeful
married,under_two,kids_under_five,to_twentyfour,female,9,6,Hopeful
remarried,over_thirty,kids_to_twelfth,to_fifty,male,9,6,Hopeful
remarried,under_two,kids_none,to_thirty,male,9,6,Hopeful
dating,under_two,kids_under_five,to_twentyfour,female,9,7,Strong
engaged,under_two,kids_none,to_twentyfour,female,9,7,Strong
engaged,under_two,kids_under_five,to_twentyfour,male,9,7,Strong
married,eleven_to_twenty,kids_under_five,to_forty,male,9,7,Strong
married,over_thirty,kids_to_twelfth,to_fifty,male,9,7,Strong
married,six_to_ten,kids_none,to_thirty,male,9,7,Strong
married,twentyone_to_thirty,adult_children,to_sixty,female,9,7,Strong
married,twentyone_to_thirty,kids_to_fifth,to_fifty,male,9,7,Strong
married,under_two,kids_under_five,to_thirty,female,9,7,Strong
remarried,eleven_to_twenty,adult_children,to_fifty,male,9,7,Strong
remarried,eleven_to_twenty,kids_none,to_fifty,male,9,7,Strong
remarried,three_to_five,kids_under_five,to_thirty,male,9,7,Strong
remarried,under_two,kids_none,to_thirty,female,9,7,Strong
dating,twentyone_to_thirty,kids_to_fifth,to_fifty,female,9,8,Strong
engaged,eleven_to_twenty,kids_to_fifth,to_forty,male,9,8,Strong
engaged,six_to_ten,kids_under_five,to_twentyfour,female,9,8,Strong
living_together,under_two,kids_to_fifth,to_thirty,female,9,8,Strong
married,three_to_five,kids_none,under_eighteen,female,9,8,Strong
married,three_to_five,kids_under_five,to_thirty,male,9,8,Strong
married,twentyone_to_thirty,adult_children,to_fifty,male,9,8,Strong
married,under_two,kids_none,to_twentyfour,female,9,8,Strong
remarried,twentyone_to_thirty,kids_to_fifth,to_fifty,female,9,8,Strong
dating,over_thirty,kids_to_twelfth,to_fifty,female,9,9,Thriving
engaged,over_thirty,adult_children,to_fifty,male,9,9,Thriving
engaged,under_two,kids_under_five,to_thirty,male,9,9,Thriving
living_together,twentyone_to_thirty,kids_none,to_fifty,male,9,9,Thriving
married,over_thirty,kids_to_twelfth,to_fifty,male,9,9,Thriving
married,over_thirty,kids_to_twelfth,to_fifty,male,9,9,Thriving
married,over_thirty,kids_under_five,to_fifty,female,9,9,Thriving
married,three_to_five,kids_none,to_thirty,female,9,9,Thriving
married,twentyone_to_thirty,kids_to_twelfth,to_fifty,female,9,9,Thriving
remarried,over_thirty,kids_to_twelfth,to_fifty,male,9,9,Thriving
dating,over_thirty,kids_under_five,to_fifty,male,9,10,Thriving
engaged,over_thirty,kids_none,to_fifty,male,9,10,Thriving
engaged,under_two,kids_under_five,to_thirty,male,9,10,Thriving
living_together,over_thirty,kids_none,to_sixty,male,9,10,Thriving
living_together,three_to_five,kids_none,to_twentyfour,female,9,10,Thriving
married,over_thirty,kids_to_twelfth,to_fifty,female,9,10,Thriving
married,twentyone_to_thirty,adult_children,to_sixty,female,9,10,Thriving
married,twentyone_to_thirty,kids_to_twelfth,to_fifty,female,9,10,Thriving
married,twentyone_to_thirty,kids_to_twelfth,to_fifty,female,9,10,Thriving
married,under_two,kids_none,to_twentyfour,male,9,10,Thriving
dating,over_thirty,kids_under_five,to_fifty,male,10,0,Shallow
dating,twentyone_to_thirty,adult_children,to_sixty,male,10,0,Shallow
dating,under_two,kids_under_five,to_twentyfour,female,10,0,Shallow
engaged,eleven_to_twenty,kids_under_five,to_thirty,male,10,0,Shallow
living_together,three_to_five,kids_none,to_twentyfour,female,10,0,Shallow
living_together,twentyone_to_thirty,kids_none,to_fifty,male,10,0,Shallow
married,eleven_to_twenty,kids_none,to_forty,male,10,0,Shallow
married,eleven_to_twenty,kids_to_fifth,to_fifty,female,10,0,Shallow
married,three_to_five,kids_to_fifth,to_thirty,female,10,0,Shallow
married,three_to_five,kids_under_five,to_forty,male,10,0,Shallow
married,twentyone_to_thirty,kids_to_fifth,to_fifty,male,10,0,Shallow
married,twentyone_to_thirty,kids_to_twelfth,to_fifty,female,10,0,Shallow
remarried,six_to_ten,kids_under_five,to_thirty,male,10,0,Shallow
dating,six_to_ten,kids_under_five,to_thirty,male,10,1,Shallow
dating,under_two,kids_under_five,to_twentyfour,female,10,1,Shallow
living_together,over_thirty,kids_none,to_fifty,male,10,1,Shallow
living_together,twentyone_to_thirty,kids_to_twelfth,to_fifty,male,10,1,Shallow
living_together,under_two,kids_under_five,to_twentyfour,male,10,1,Shallow
married,eleven_to_twenty,kids_none,to_forty,male,10,1,Shallow
married,over_thirty,kids_none,to_fifty,male,10,1,Shallow
married,three_to_five,kids_under_five,to_forty,female,10,1,Shallow
married,twentyone_to_thirty,adult_children,to_seventy,male,10,1,Shallow
married,under_two,kids_none,to_twentyfour,female,10,1,Shallow
remarried,eleven_to_twenty,kids_to_twelfth,to_forty,male,10,1,Shallow
remarried,over_thirty,kids_under_five,to_fifty,female,10,1,Shallow
engaged,twentyone_to_thirty,kids_none,to_fifty,female,10,2,Shallow
living_together,eleven_to_twenty,kids_none,to_thirty,female,10,2,Shallow
married,eleven_to_twenty,kids_none,to_thirty,male,10,2,Shallow
married,eleven_to_twenty,kids_to_fifth,to_forty,male,10,2,Shallow
married,eleven_to_twenty,kids_to_fifth,to_forty,male,10,2,Shallow
married,over_thirty,kids_to_twelfth,to_fifty,male,10,2,Shallow
married,three_to_five,kids_under_five,to_forty,male,10,2,Shallow
married,three_to_five,kids_under_five,to_thirty,male,10,2,Shallow
married,twentyone_to_thirty,kids_to_fifth,to_fifty,male,10,2,Shallow
married,under_two,kids_none,to_twentyfour,male,10,2,Shallow
married,under_two,kids_none,under_eighteen,male,10,2,Shallow
married,under_two,kids_under_five,to_forty,male,10,2,Shallow
remarried,over_thirty,kids_none,to_fifty,female,10,2,Shallow
engaged,over_thirty,kids_to_twelfth,to_fifty,female,10,3,Shallow
living_together,over_thirty,kids_to_twelfth,to_fifty,male,10,3,Shallow
living_together,under_two,kids_none,to_twentyfour,female,10,3,Shallow
married,eleven_to_twenty,kids_under_five,to_thirty,male,10,3,Shallow
married,over_thirty,kids_none,to_fifty,female,10,3,Shallow
married,over_thirty,kids_none,to_sixty,female,10,3,Shallow
married,over_thirty,kids_to_twelfth,to_fifty,male,10,3,Shallow
married,twentyone_to_thirty,kids_to_twelfth,to_fifty,male,10,3,Shallow
married,under_two,kids_none,to_thirty,female,10,3,Shallow
remarried,eleven_to_twenty,kids_none,to_forty,male,10,3,Shallow
remarried,over_thirty,kids_to_twelfth,to_fifty,female,10,3,Shallow
remarried,twentyone_to_thirty,adult_children,to_fifty,male,10,3,Shallow
remarried,under_two,kids_under_five,to_thirty,female,10,3,Shallow
dating,over_thirty,kids_none,to_fifty,female,10,4,Hopeful
married,eleven_to_twenty,adult_children,to_seventy,male,10,4,Hopeful
married,over_thirty,kids_to_twelfth,to_fifty,female,10,4,Hopeful
married,under_two,kids_under_five,to_thirty,male,10,4,Hopeful
remarried,under_two,kids_none,to_thirty,male,10,4,Hopeful
remarried,under_two,kids_to_fifth,to_thirty,female,10,4,Hopeful
dating,twentyone_to_thirty,kids_none,to_sixty,female,10,5,Hopeful
dating,under_two,kids_none,under_eighteen,female,10,5,Hopeful
engaged,under_two,kids_none,to_thirty,female,10,5,Hopeful
living_together,under_two,kids_none,under_eighteen,female,10,5,Hopeful
married,over_thirty,kids_none,to_fifty,female,10,5,Hopeful
married,over_thirty,kids_to_twelfth,to_fifty,female,10,5,Hopeful
married,twentyone_to_thirty,kids_to_twelfth,to_fifty,male,10,5,Hopeful
remarried,three_to_five,kids_none,to_thirty,male,10,5,Hopeful
remarried,twentyone_to_thirty,kids_none,to_fifty,male,10,5,Hopeful
remarried,under_two,kids_none,to_thirty,male,10,5,Hopeful
remarried,under_two,kids_none,to_thirty,male,10,5,Hopeful
dating,over_thirty,kids_none,to_fifty,female,10,6,Hopeful
dating,over_thirty,kids_to_twelfth,to_fifty,female,10,6,Hopeful
dating,twentyone_to_thirty,kids_none,to_fifty,female,10,6,Hopeful
dating,under_two,kids_none,under_eighteen,female,10,6,Hopeful
married,eleven_to_twenty,kids_none,to_thirty,male,10,6,Hopeful
married,over_thirty,kids_none,to_fifty,female,10,6,Hopeful
married,over_thirty,kids_to_twelfth,to_fifty,male,10,6,Hopeful
married,six_to_ten,kids_to_fifth,to_forty,male,10,6,Hopeful
married,three_to_five,kids_under_five,to_thirty,male,10,6,Hopeful
married,twentyone_to_thirty,kids_to_fifth,to_fifty,male,10,6,Hopeful
married,under_two,kids_under_five,under_eighteen,male,10,6,Hopeful
remarried,eleven_to_twenty,kids_to_fifth,to_thirty,male,10,6,Hopeful
remarried,over_thirty,adult_children,to_fifty,female,10,6,Hopeful
remarried,over_thirty,kids_none,to_fifty,female,10,6,Hopeful
remarried,over_thirty,kids_none,to_fifty,female,10,6,Hopeful
remarried,six_to_ten,kids_under_five,to_forty,female,10,6,Hopeful
living_together,over_thirty,kids_none,to_seventy,male,10,7,Thriving
living_together,six_to_ten,kids_none,to_forty,female,10,7,Thriving
living_together,twentyone_to_thirty,adult_children,to_fifty,male,10,7,Thriving
married,eleven_to_twenty,adult_children,to_fifty,male,10,7,Thriving
married,eleven_to_twenty,kids_to_fifth,to_fifty,female,10,7,Thriving
married,over_thirty,kids_none,to_fifty,female,10,7,Thriving
married,over_thirty,kids_none,to_fifty,female,10,7,Thriving
married,six_to_ten,kids_none,to_thirty,male,10,7,Thriving
married,six_to_ten,kids_under_five,to_thirty,male,10,7,Thriving
married,three_to_five,kids_under_five,to_forty,female,10,7,Thriving
married,three_to_five,kids_under_five,to_thirty,male,10,7,Thriving
married,twentyone_to_thirty,kids_to_fifth,to_fifty,male,10,7,Thriving
dating,under_two,kids_under_five,under_eighteen,female,10,8,Thriving
engaged,under_two,kids_none,to_twentyfour,female,10,8,Thriving
married,eleven_to_twenty,kids_to_fifth,to_forty,female,10,8,Thriving
married,twentyone_to_thirty,kids_to_twelfth,to_fifty,female,10,8,Thriving
married,under_two,adult_children,to_fifty,male,10,8,Thriving
remarried,over_thirty,kids_to_twelfth,to_fifty,male,10,8,Thriving
remarried,over_thirty,kids_to_twelfth,to_fifty,male,10,8,Thriving
living_together,twentyone_to_thirty,kids_none,to_sixty,male,10,9,Thriving
married,twentyone_to_thirty,adult_children,to_sixty,female,10,9,Thriving
married,twentyone_to_thirty,kids_none,to_fifty,female,10,9,Thriving
remarried,under_two,kids_none,to_twentyfour,male,10,9,Thriving
dating,under_two,kids_none,under_eighteen,male,10,10,Thriving
living_together,over_thirty,kids_to_twelfth,to_fifty,male,10,10,Thriving
living_together,six_to_ten,kids_none,to_forty,female,10,10,Thriving
living_together,twentyone_to_thirty,adult_children,to_fifty,male,10,10,Thriving
married,eleven_to_twenty,kids_under_five,to_thirty,male,10,10,Thriving
married,over_thirty,kids_none,to_fifty,female,10,10,Thriving
married,three_to_five,kids_none,under_eighteen,female,10,10,Thriving
married,three_to_five,kids_under_five,to_forty,female,10,10,Thriving
married,twentyone_to_thirty,kids_to_twelfth,to_fifty,male,10,10,Thriving
married,twentyone_to_thirty,kids_to_twelfth,to_fifty,male,10,10,Thriving
married,under_two,kids_none,to_twentyfour,male,10,10,Thriving
remarried,eleven_to_twenty,kids_to_fifth,to_thirty,male,10,10,Thriving
remarried,three_to_five,kids_to_fifth,to_forty,male,10,10,Thriving
remarried,twentyone_to_thirty,kids_none,to_seventy,male,10,10,Thriving
remarried,twentyone_to_thirty,kids_none,to_sixty,male,10,10,Thriving
remarried,under_two,kids_none,under_eighteen,male,10,10,Thriving