metric_unit,icon
people,user
courses,student
churches,church
organizations,building
members,user
children,user
countries,globe-simple
letters,envelope-simple
packs,bowl-steam
supporters,hand-coins
interventions,first-aid-kit
households,house
mothers and babies,baby-carriage
kits,hand-soap
meals,bowl-steam
campuses,graduation-cap
missionaries,cross
vocations,cross
alumni,student
events,calendar-dot
stories,book
subscribers,user-check
products,devices
hours,clock
families,users
years,calendar-blank
episodes,microphone
videos,video
survivors,user
nights,moon
spaces,house
sessions,devices
stations,rss-simple
shows,video
requests,baby-carriage
responses,hand-heart
young people,user
languages,translate
Bibles,book
moms,baby-carriage
meetings,users
pastors,cross
retreats,church
cities,city
counties,city
nations,globe-simple
participants,user
investors,hand-coins
loans,money
projects,book
translations,translate